100, -5, 20, 20, 25, 10, 10, 20, 20, 30, 30, 30
178.38296510996233, 112.97642859893921, 17.086264408414827, 18.175821630749045, 19.54406336015403, 10.196610323559138, 8.430482525342581, 16.15012355091577, 21.093895302796536, 27.865466826934792, 27.04766156090733, 29.505285127427427
375.4911676873412, 101.35724365023447, 12.935155784210707, 17.517059671653147, 20.987513576650215, 10.317733891009265, 11.424624531731087, 5.60805238005927, 15.276260759230617, 22.31108527774397, 27.51002965523237, 23.74833850222817
599.9698543775154, 92.33247126629968, 13.352046625564375, 12.46519275668885, 19.750645433884763, 9.534165167806721, 9.757958335529619, 2.7962230490768145, 14.546829662289266, 18.965438572724192, 28.595973622831178, 22.411467433955014
782.9422489939893, 83.54656346681759, 7.735860217551851, 8.69392939425467, 22.07548959346301, 10.045493538312005, 5.838753829434861, -5.1833704656436055, 5.708692873387264, 15.40316019493641, 25.253050112534382, 23.80110406175327
1114.947316765772, 70.49183484385647, 21.190766158276887, -21.039259052405992, 23.694681743763763, 5.774612049408877, 1.7427753065063234, 34.98394799608184, 9.949262146080988, 33.41537265533375, 24.540473118143755, 32.05937828741767
1141.8974203242126, 64.29797370606364, 20.945821526468333, -16.69472185520125, 23.061716509108294, 5.633251786365205, 7.84999109239014, 31.598755753945788, 5.666895822698418, 30.524647840260812, 22.46678008543493, 29.514239919467137
1171.7920098612, 62.63967001480959, 13.327305416752314, -12.204726564372164, 22.595504456213803, 6.062669184024331, 9.005521858676707, 24.450202945351894, 2.782383974076797, 22.985705192307094, 20.34901388843799, 26.89979413616593
1209.0404412300986, 56.932177602224954, 14.480214462627053, -4.399402731752915, 21.19999763799288, 4.92050207553735, 11.387519358476313, 22.22078393749046, 1.5551880996094218, 20.449829058758688, 17.836669443999988, 24.340639564705743
1279.6220253744732, 51.82995040508179, 15.62152025777845, -5.363060806911144, 21.48486654746323, 5.911231886381526, 12.257521516336451, 12.84761852291809, -4.279569537217135, 18.661603562195836, 15.744726295237955, 22.466587005038964
1320.1653730246485, 47.48681043141774, 16.791338675747532, 1.2821222555796048, 19.550630612760244, 4.893653067219476, 13.915611176826097, 10.963156624625034, -5.250665815912507, 18.151693551902525, 13.249227539262332, 19.588840363044653
1412.7252067996806, 39.940675188733636, 18.04633696069547, 2.6836511598754393, 19.255295786411452, 4.746759053446855, 18.196731919165824, 7.254766517106931, -7.004575642308564, 19.820335456954286, 5.784280806626829, 15.93757897719774
1483.4655566837978, 35.45518347597664, 17.767076564337643, 3.7470528043255014, 20.70842422149657, 4.047217314657668, 15.773411462638624, 8.299539779021714, -6.8516333136847045, 18.22747451903398, 0.3653545343248856, 13.664156401528155
1484.5866959274015, 31.45477219155977, 18.143092773987355, 6.775093905442472, 20.366616633904854, 4.194142778240721, 22.57740007683139, 3.2227530685812775, -8.80135352327513, 17.287463985007324, 2.4382812453185565, 10.529382014580346
1519.282110382423, 27.63446383374137, 19.496815342165164, 8.268935043872432, 20.11854682382882, 4.668134680034005, 22.79117797284127, -4.177774233434428, -13.013504621205401, 18.025042150388117, 2.1535431181577183, 8.14053627782376
1501.0017497721713, 21.406315225761375, 14.657227055467807, 25.554903354306017, 19.069049185168716, 5.355550015155465, 27.15195261276168, -19.052018661294138, -21.547509832195377, 21.059654873345224, -12.640658733138078, -2.909295396169343
1618.6311503410247, 18.65897323261093, 12.106399094394089, 21.490401673578724, 19.058891677241906, 5.356012094597743, 24.965799251776613, -21.81457164018389, -22.97219520619308, 20.791766819281644, -11.649177990118478, -2.3049960998507597
1584.7533962748835, 14.037850984347031, 12.95249519591361, 27.897000871647503, 18.627257549708748, 5.748350876957513, 29.0967541500944, -33.73446997491745, -27.415378807115246, 19.805453306731128, -11.506940973477114, -3.900170518333743
1596.2094647402826, 11.846055202381844, 20.860019167728247, 36.084218463318074, 12.664085346101821, 3.10647970963749, 24.266648391081297, -33.85237326394114, -24.584193270993822, 20.751491964589945, 1.2224981107555664, 0.09611359725966206
1553.4662025712962, 10.6967299729824, 44.06413572909571, 47.09738082846182, 6.665972890125327, -2.6617269818045517, 31.656000781456918, -8.482819413883298, -2.4574333414738305, 33.272503561937576, -12.85974783408648, -7.216186375618857
1598.0166654914765, 10.71402472384637, 40.641094926717535, 48.88114528305399, 4.525942048765367, -3.4118223617529613, 35.198303838931075, -4.125850213096005, 0.41618590810417366, 29.600123670155657, -12.198893756097778, -7.208386256157669
1639.7959560689721, 10.698534315400854, 37.64288303388166, 50.68432723984409, 2.4937687300635414, -4.187629858581588, 38.47172431772661, 0.5325643604812731, 3.5488190968257616, 26.349490410185894, -11.73249262830029, -7.208987766612449
1712.7538246380113, 13.977936539852998, 31.99400544133339, 56.13572139238106, -1.5176922763456755, -4.601417246685985, 39.93534363467425, -0.27141300633835663, -1.519149765851557, 20.86875308603691, -1.3311578594442803, -10.080670949584924
1738.9059392914046, 12.82849385651574, 29.72488079544461, 55.88810090336514, -1.515288373626311, -3.9217165878615954, 42.40702255586272, -2.581345661320171, -5.253223294983952, 19.34069371877237, -1.076506564114246, -9.258458068505425
1800.0875786840907, 11.284444089517624, 30.2017877048199, 55.744297347348855, -1.630097955502278, -3.211846773108636, 41.91673750009283, -7.931248637806278, -9.09440351493011, 17.17137318751599, -2.2096757331813466, -9.1488753911418
1731.1879156791717, 12.525454182049588, 28.14912915765742, 60.66810419385682, -2.235390879725307, -3.440858595735831, 45.63064415408237, -7.564567450198414, -7.250899774960358, 12.588728619922007, -0.40931156667133717, -7.990986692372207
1775.3335961293492, 11.986574615658409, 26.841048948883035, 59.21186260158444, -2.086121596121249, -3.0937894481574277, 45.426183784971535, -8.405749899912418, -8.313164875492014, 14.432125713552509, -1.1074325955686413, -10.431248212131157
1803.6057564355774, 12.037751776687957, 26.008159374155547, 56.66630567068713, -1.8898138350889295, -3.5846884234861474, 45.34886713223632, -3.8716616424424632, -4.999149027998472, 12.854870455482086, 0.08582517461242256, -9.201079885582212
1815.567907407077, 11.776284924741136, 25.806759091704144, 57.07964012128754, -2.573957053127458, -3.362354632803294, 45.3583667195881, -5.974596064801219, -5.462151666456618, 12.512326900265895, -0.5878127668383951, -8.911099066658403
1822.7563876801428, 12.262007893050178, 24.360985223829587, 56.99561643355726, -2.637424274455486, -3.4413611896194847, 46.78917323890654, -5.142762450866788, -4.538041637059893, 11.616881166510193, -0.9611812013654754, -8.337645547032272
1826.0705815169833, 12.365435899024902, 23.58295734807525, 57.36085478839676, -2.7837546960554285, -3.19771921999838, 47.08341161233382, -6.285784896148243, -5.208189183870571, 11.51522034240242, -3.2044344558613282, -8.223757596191781
1923.3328767763896, 11.536166381257187, 23.044918287529, 54.87003160629322, -4.294026004028475, -3.1760255978408787, 44.72885974410835, -5.56931924887601, -4.512591343087089, 9.330054072057331, -4.235758152950856, -8.093268022188237
1999.875666691104, 10.189995920404698, 24.762645671762144, 55.70437602447187, -5.398316475150399, -3.322493795875846, 38.37907976489291, -8.455097110581288, -6.761774254730614, 8.335766592108813, -1.3623940314611218, -7.820111724001947
2100.650647647562, 9.516879606602876, 28.159197132579138, 52.69455656822018, -6.594461081150193, -1.7653957942918375, 34.193218486900676, -21.50321352366705, -16.602957709694557, 5.821035958645725, 0.029204775737003308, -5.744827133358356
2202.670637114539, 8.642532284048706, 25.739881264175203, 39.412025367389504, -3.4089986006356074, -4.676605508149804, 24.659707873835245, 5.940117351452571, 7.691245830464034, 11.35761358383367, 0.1599108758894041, -1.7718535906878583
2257.6229389626737, 8.180937381617975, 24.794915087482135, 35.998621861196995, -4.325232015195063, -4.607983566343925, 26.498143168451413, 10.784736800301243, 9.100251841695172, 11.711978565431426, -1.1706544851811498, -2.082453001642717
2348.325462594438, 5.326978347585688, 21.10091751124926, 33.42432104491986, -4.623060008023129, -4.063775862404833, 24.800000231591387, 8.899485312994495, 8.173984526858426, 11.917450574790346, -4.789946923081599, -0.4732258622231402
2345.909294274802, 1.1235325843430468, 12.959854161178278, 28.38831312429194, -4.1014224065263605, 0.2824619262217496, 28.042382040174097, -6.8577045969112795, -8.115198183495039, 14.733896083287712, -15.629204733670422, -0.47439596368230125
2379.68733851472, 1.8492816294947445, 10.690932074211146, 26.220851198971555, -4.325572060826619, 0.14893552730198764, 31.538465976403746, -3.1630428251530223, -7.3538571171979426, 12.866313257094284, -13.754842998934608, -1.117173558982398
2454.988737566649, 0.9896048839193704, 9.32776689147391, 20.316199392612944, -4.326971697727099, 0.7304636232312972, 40.10529386407792, 1.1381863343387257, -10.389584916700297, 15.876648816369343, -18.251788437332742, -3.962762806659214
2515.5029421315594, -0.28638995899214914, 7.656958209876499, 17.83949641874753, -4.583218028257734, 0.2424360773578459, 34.885609657863974, 2.571437553209895, -8.738821537248954, 17.544990703406867, -19.00210374419092, -0.62305991540866
2555.5137953304393, 0.07641746369629421, 1.8676554390665343, 17.1366529403879, -3.0630330416126386, -0.2449784467656978, 35.27039172323555, 6.097351830100562, -8.272320868914179, 15.966653936086608, -15.36962317526588, -1.084196985679105
2521.452089491483, -0.5470969304178578, -6.001462424650605, 23.796163810927943, -4.040163736218652, 1.7533260069804228, 43.184316048839726, -7.4499176747345235, -12.362740292143842, 10.794840716213555, -27.61167917579374, -1.2871734586766221
2559.052522392426, -1.0562182644505447, -7.906730948459322, 23.785289577403702, -3.7086444302848838, 1.0205582850999781, 39.338852243026366, -3.7553046348222625, -13.074908312954388, 10.867111539397746, -26.102181312059166, -1.5967224354424443
2564.743572173319, -1.033892287239405, -7.44367781319073, 24.174972487453612, -4.628905280869358, 0.5046517245721384, 40.064529917816735, 0.19048187447533982, -12.288876092874117, 12.09665274556031, -28.36761491198092, -1.7499156912793496
2629.8914742589823, -0.6543436907334399, -7.586175285887295, 18.69438386632525, -4.236673364601084, 0.8837117646719209, 37.579732248910666, 7.277202260723888, -13.913790244246464, 19.93326993492135, -38.82165968787004, -8.203297131969546
2687.314349747991, 0.8894923612753114, -16.215540502170423, 26.716282291703713, -7.111607575685664, 0.6154763133780692, 31.988552875535305, -0.4763838600510022, -14.625442173807771, 19.16432898811474, -38.6108164793917, -9.580909546601767
2720.134938016951, 1.4786424074183986, 0.48518148602599354, 25.13980888287109, -17.5176100377925, -1.823526142491325, 49.562134250558074, 19.847071736210182, -10.4204388591627, 26.32229983921026, -47.44492695994054, -8.100515901708793
2689.473973507205, -0.5103743437611525, 2.410221229002187, 30.810925480128855, -17.09966486332278, -1.120363831915626, 50.65063612875337, 9.470933329488755, -16.00393563758748, 23.053325788434368, -45.13772737521577, -7.905308553148682
2598.4183153664644, 1.6769461223087614, -0.1104345225351473, 30.192049988185396, -12.176626947450872, -1.7256010964093915, 55.2600773399096, 17.043413670761353, -12.683208942284573, 18.445489972086612, -39.356600712315334, -3.8872451864597766
2644.863964742415, 1.6136935594582513, -0.8698158062520612, 26.94445589955053, -10.666816588494004, 0.1961228243034483, 54.64628523333491, 7.2156181982733205, -21.578642016481147, 16.955847425692852, -37.32698407022963, -4.486276220097533
2666.9443816776798, 4.203190606387176, -3.883457943927241, 32.69470007402123, -10.821805089841018, 1.6153727760548173, 58.861127888131925, -7.065567483264774, -30.526424102879467, 19.5519600034558, -31.718817732904427, -10.992467692103439
2661.0864437732807, 5.422873111037648, -1.5089644968736295, 33.899665148746124, -11.28522208091578, 2.4115114014802836, 62.38592820892176, -16.71926489447519, -31.36995437474304, 18.610554969522344, -30.45332860502733, -10.289509884038617
2687.2393128694, 2.647738149895044, 0.2150287416159713, 29.955727299609286, -9.68725194403008, 2.314252530477866, 59.79308814469937, -16.47270506268599, -29.17641112517182, 14.805016859306726, -26.196707700756974, -9.290591110705165
2768.8230963123506, 3.3739546850833966, -1.334137808645665, 26.929072571013307, -9.23169920949257, 4.851732641855385, 54.34470164581998, -36.228264965759635, -48.987295730309604, 11.898892256731944, -16.96770907605186, -8.254416728111188
2743.568725661759, 3.6029284660403467, 0.6136556144309522, 29.411444306097998, -7.976222668279726, 4.4825173371570814, 52.74727385746258, -37.03455811197934, -47.52113280975744, 8.38771835672749, -17.372257629085013, -9.86867967116936
2789.971447863027, 2.413155218923816, -0.9522113013072051, 24.755998091902242, -7.573868547377231, 4.8808983803274115, 50.98360722448594, -35.77605501492753, -47.4721930418533, 11.361724116930107, -20.90273065328273, -10.534219290174807
2786.1243042626547, 1.5696110717967982, 0.6317125485821944, 27.735377020225915, -8.007360265932, 4.24568150416283, 52.04484226594773, -36.55443619052694, -47.46560845126931, 10.875874801143526, -17.711814282735286, -10.01902679942142
2806.520460735909, 1.1585373604737101, 1.5548515088084394, 26.993013832566398, -7.659428269050089, 3.8672403717476724, 51.1316627462701, -34.859267886855726, -46.118799408077784, 11.14027243778432, -17.395839082396915, -10.009538741886846
2810.5539968462153, 0.9651486242129803, 1.8089731742378503, 26.405535101361497, -7.055123971404116, 3.6702257765862853, 50.76301407677847, -33.655478968736695, -45.191941844176796, 11.609735607530823, -17.393269614316342, -9.891715006439243
2810.4074186723074, 1.10251891598725, 0.8768073207605103, 26.514863703819795, -6.984391971055503, 3.5954888021787363, 50.95406435703141, -33.16870412035975, -44.906158159501516, 11.459046059200928, -17.211464030035597, -9.989736906314626
1826.0705815169833, 12.365435899024902, 23.58295734807525, 57.36085478839676, -2.7837546960554285, -3.19771921999838, 47.08341161233382, -6.285784896148243, -5.208189183870571, 11.51522034240242, -3.2044344558613282, -8.223757596191781
1908.9208017273222, 11.011137289073682, 20.906348273234645, 53.73233966545686, -2.7018365609977377, -2.642868343845925, 45.022149538808286, -8.125643652800653, -8.46650809464017, 10.505055298526305, -2.5617128798529274, -5.858993652689395
1970.3670450503703, 10.46790235806252, 21.27666909048575, 51.605095148751055, -3.61734343048274, -2.491893991582554, 43.83639910277496, -9.124995929145687, -8.57204844877786, 8.731114745599776, -2.540982775664823, -3.8973201191689117
2106.679587261121, 9.833567558957814, 21.1098145958728, 44.34438516839759, -3.748171962679604, -1.713130050488591, 36.45001158930482, -11.748509721697616, -11.491527662098829, 11.240154203867556, -1.7845220353998315, -3.790439568105419
2145.4268982120884, 9.114913717282842, 18.997561595633204, 44.99654749437312, -4.497102847174601, -0.311122887583303, 37.87922750021279, -21.339280455946074, -17.871964806668554, 10.095255045917408, -1.5817849199194927, -4.3673286559890165
2159.639944687033, 8.496916141741012, 11.95289428852241, 46.8591885753589, -6.082608757577139, -0.3704551308533958, 40.99655364610747, -17.967768795735143, -14.34400012587043, 10.378255422278796, -9.04849405085975, -6.157413964954847
2273.2682124012936, 4.803235508146678, 13.979633759793495, 48.338783052479805, -7.169354169151912, 1.2365631475689511, 37.845563267779774, -30.620394319654906, -22.40279673106693, 16.52224770399597, -22.97543168068418, -12.083771030176948
2306.1360660761566, 5.700895876950448, 12.398495944543928, 45.71199145889922, -6.399052228169689, 1.5201299453798163, 38.31352982886055, -32.25989125578117, -22.396397643467054, 13.549304894113472, -21.927539108771253, -11.153318353219666
2527.762280800298, 5.242301598393268, 11.77692387956814, 27.607969306209107, -7.27349690396259, 3.6510300144712726, 26.50273521189777, -36.949349207124044, -21.256508334713068, 16.567460537369936, -25.98652049853517, -12.973396440866331
2525.2562901902597, 4.092490320282083, 12.605471819729445, 26.140688286086494, -7.208923643651545, 3.256320476040528, 30.995606258407356, -35.0493975625179, -21.34262687575748, 15.116004587013261, -22.128244425260554, -10.604182112297947
2480.6398613782385, 0.3741614532210882, 14.04011577114428, 28.44700712803964, -5.39693676830464, 0.13562910373135084, 42.74751875578015, -18.083542554097498, -10.668764501060227, 9.832991323604656, -21.35782468617899, -6.389940231779361
2594.1261134992374, 0.05076486355427984, 11.091373558736258, 19.75287334941194, -4.009912786836552, 2.2985074684804725, 40.765992841364046, -29.985208777411977, -23.18116005995086, 9.853940381838385, -20.133228738187576, -1.0360706373582884
2591.0157056408398, -0.27459934833999994, 13.951459972538187, 20.266818631256086, -3.7578086949992318, 0.7740022626003726, 41.98512102454149, -21.307758777551143, -16.980380061107653, 11.672264567695503, -19.872901130173528, -2.154429647910723
2682.806132002109, -0.386647119400913, 8.306539769570369, 20.849315382475936, -3.4808287262845274, 1.9546224203149565, 40.6984890251728, -27.656139748822667, -30.046493841663136, 15.173165640462294, -22.05871965499271, -7.079829564732313
2696.0306946703463, 0.4151091348773749, 5.471706742998485, 21.82973107436847, -3.896225029236627, 1.6854428298941049, 39.989918831476295, -26.762991625674154, -30.870839322884, 15.629592082793252, -21.02280606874094, -6.636495180786607
2729.2942415512052, 0.39500666236882687, 4.7892788827813275, 20.963606510184626, -3.390988321043168, 2.1586507981867102, 38.360095855595674, -31.622846756461, -34.11775835388632, 12.143449441640959, -19.245554709796345, -5.787678223920101
2676.657948921841, 3.093322216909252, 2.1276127258789295, 21.80446249311541, -3.465870409855965, 0.7388267391373835, 46.25490848122901, -19.308694903939873, -28.622031792376962, 12.460480847664133, -16.96651391480943, -5.0613361506505825
2580.8612150904396, 3.5926331556713245, 7.522774821620585, 34.44715185199338, -0.7197430567821268, -2.789672433501363, 51.13265211866792, -8.839804827211651, -19.631466266013554, 10.74258408331562, -16.97417649888053, -4.432629770016177
2571.34957068875, 4.416363739551178, 11.821950714403686, 35.292787382437616, -3.3080744813491165, -4.1021020435314695, 56.109194034329526, -1.765268305624903, -13.42285574733371, 11.8690354872983, -14.20343731786458, -1.1185284372404674
2551.0806168767904, 2.1416655746785964, 8.552009979839356, 29.576565592155845, -0.2315090866446443, -2.9108108070357597, 62.8143376944354, 1.8220862638110678, -14.31982935098288, 7.897915380583273, -14.99715071408569, -1.319186586270705
2613.5827212741924, 1.1060679275037169, 9.81593417600115, 26.91927189942774, 0.9285867646766697, -1.71541420963442, 56.48988326730333, -5.440880432561558, -18.22890223348511, 6.718286758261017, -17.231436633874303, -1.018472550397069
2697.09689926111, -0.9744370493792718, 17.79469451152203, 23.893708609422035, -0.007025262794240095, -2.7815063368959665, 52.789799301638915, 1.8731652347259722, -16.315420701243553, 7.791620125762747, -19.905551077315856, -0.8593466446300846
2698.81314252528, -0.728222012878937, 17.041688917094746, 23.922355535750782, 1.2447555054930879, -3.815826560251356, 50.979149982115835, 9.862555065805624, -13.297688190661829, 9.39632065359284, -16.635104507371757, -0.3187582289516925
2577.1428079602515, -0.5989072646142175, 21.995344001621085, 37.395977171558215, -2.0460457788463975, -5.298490587986506, 59.51874796919711, 12.402654964635833, -19.472924078486013, 23.900708471592594, -29.569444777799685, 7.134172118169827
2566.6597819607514, -2.5226140846069836, 20.28362119774964, 37.12404975641833, 0.4280359051105971, -5.8694607482518855, 62.08661309890084, 19.54453175528653, -13.256378730343265, 20.829181274365872, -29.618615755308273, 7.611176009804602
2620.8495013826396, -1.8118646105421656, 18.401593047456423, 38.489951511890304, -1.2687810382742102, -4.447821656908518, 60.5389289064475, 10.360150019491893, -19.7402032767805, 19.264339545253254, -28.659704230953373, 6.903469777080281
2604.752522522172, 0.11177237192299483, 18.48213768237156, 40.854687984448326, -2.116111230816056, -4.023935694273993, 63.42811742446384, 6.235623570648799, -20.347707207641623, 18.42896347775324, -30.054952044876543, 6.823467184210164
2587.5183209689803, 1.487023698311812, 16.336098881221123, 44.151827428861814, -2.9257830005654126, -4.03787333398784, 64.68604783601394, 6.229855730054357, -22.06848909289381, 18.769229932966844, -31.04655761789424, 6.113067836687317
2574.4477001275277, 2.500416466589302, 14.797004602178106, 46.599932998008235, -3.522150358068585, -4.03690381637884, 65.62370145073857, 6.149825486688203, -23.369010852869643, 19.04166058776249, -31.77192236886337, 5.549285007409983
2584.9933251719817, 2.5179399578824415, 15.074237668249461, 46.65018918114948, -3.8633163866508595, -4.022973307926631, 65.01978934480125, 5.864445119451348, -23.736515735661982, 18.76947889292236, -31.31493832117995, 5.57755512914045
2585.1675714219064, 3.1364613283794354, 14.883745567054902, 46.98425534055369, -4.19451725169116, -3.816445554028218, 65.99269144873551, 4.480594497805947, -24.08673528546604, 18.743778780125044, -31.76147288096847, 5.283128722960514
1826.0705815169833, 12.365435899024902, 23.58295734807525, 57.36085478839676, -2.7837546960554285, -3.19771921999838, 47.08341161233382, -6.285784896148243, -5.208189183870571, 11.51522034240242, -3.2044344558613282, -8.223757596191781
1908.9208017273222, 11.011137289073682, 20.906348273234645, 53.73233966545686, -2.7018365609977377, -2.642868343845925, 45.022149538808286, -8.125643652800653, -8.46650809464017, 10.505055298526305, -2.5617128798529274, -5.858993652689395
1970.3670450503703, 10.46790235806252, 21.27666909048575, 51.605095148751055, -3.61734343048274, -2.491893991582554, 43.83639910277496, -9.124995929145687, -8.57204844877786, 8.731114745599776, -2.540982775664823, -3.8973201191689117
2045.4521924151118, 11.303172182771103, 16.780761249140156, 49.716222373397066, -4.493264115227417, -1.6735301862747942, 46.300349895785395, -12.49393255269117, -11.219800255311132, 5.916006059753215, -4.52295769073023, -4.2381551208659936
2131.6339122392747, 9.713484041999346, 16.309048146059794, 44.4768313921962, -4.091960855115118, -0.6135623723750709, 42.80400928747277, -17.64410927768162, -15.008490824724747, 5.70190917450659, -4.125123050255545, -3.012200290590381
1809.5490030549677, 11.227305868619961, -3.945220955400252, 58.045663773485416, -2.928674757992395, -2.547846513765564, 51.65437804317055, 5.043675854463853, 6.4624678896633565, 10.389851112407872, -7.272410557975768, -13.3546635378725
1764.2654480146587, 13.17512547698363, -1.9521444305956681, 55.55486301642489, -2.241025651350917, -0.35838567240456953, 51.52362319900227, -6.195945984285736, -2.775985087166811, 4.930090331508826, -1.9228016991174162, -10.380402468944501
1838.1291890840946, 11.850060623749185, -1.1392595449913248, 52.11138774085266, -1.5087297048313433, 0.013799235877679783, 51.07934898085241, -7.244552553237641, -6.499493609964043, 5.578569387985232, -3.469360571059549, -11.039264557956724
1877.4030588800895, 10.511008819450494, 0.32482472186128275, 51.7234745611861, -1.7923150587819465, 0.2202044035747974, 48.407941511571394, -10.539033402760795, -10.165464259671763, 5.32138567468656, -4.350357639337066, -9.463752177817724
1995.0386449907817, 10.695818377585107, 0.36543218182122394, 43.870796716128275, -0.07776396851264034, 0.18804915475188333, 44.33863816947239, -5.744340530439302, -10.578008331315655, 4.734649182455616, -6.1552515955637155, -8.635922598490188
2074.6733107806085, 10.250711915912445, -1.71865673777529, 42.8481768015281, -0.8276544554098644, 1.5546100293274119, 42.51901161279152, -15.143831169340544, -17.317028573378614, 2.9907237520070282, -6.016375030079676, -11.75464993460461
2074.077861429211, 7.040768197317501, -0.7960801727903776, 42.69288377681283, -0.40648226277368005, 2.1582905730322675, 43.81583572324418, -20.00316504301691, -19.728207748862204, 4.794892481945579, -6.95709864901131, -14.468565383479255
2113.562499500759, 7.3401455958680835, -3.4876356580998746, 41.62098280766857, -0.8072418065639339, 2.1243473835373208, 44.32337926530724, -19.927671525617736, -19.89724949403127, 5.716248888215164, -8.141884077549983, -14.804301936825446
2167.0197753676875, 7.079037320870414, -3.428829751913485, 39.50193791064989, -1.8275126539679114, 1.207352477350951, 44.288698741962854, -14.305565850094178, -16.97517479295206, 7.830545158743158, -10.17823105363245, -13.738461028560804
2204.332344202804, 5.42198142817739, -1.6032055388962463, 38.60636734049228, -2.4206486529753306, 1.3293792653889405, 44.330743652327016, -17.23307695509137, -17.807153278540323, 7.553457683136835, -11.103919157051862, -13.094937542169934
2237.815606226541, 3.9410630904508777, 0.00408875472041248, 37.72444861117073, -2.9170493931717543, 1.3990607187936692, 44.48172773940307, -19.668904439607747, -18.23079961652826, 7.278898089256546, -11.911176402521184, -12.49955278982958
2294.6535662111464, 2.437459386416137, 1.5435447481935662, 35.05974562534272, -2.934655679792463, 1.4215743180355187, 42.394947585723756, -22.562704786064142, -17.090998064712142, 7.33908043486085, -11.625793558130457, -11.200242018697075
2343.543932206487, 1.7615705417241656, -4.34514956751115, 51.03069780156118, -6.630584776332169, -0.6738235849294287, 45.320325878718045, -14.182104974242037, -18.980267901473916, 11.201999071917008, -25.508220117763024, -23.02714926010629
2355.5971492872104, 2.964435511582436, -5.587684698268736, 50.62309379817938, -6.182132867823094, -0.7300504809420265, 44.74127721276825, -13.968776083837334, -18.549745362704346, 10.035135495350076, -24.400594438542214, -21.99098133482305
2492.28070109731, 2.424251177450434, -3.7915698675717318, 44.6017149591839, -4.954014227567762, -0.3691427838565567, 40.839531762179874, -20.843558249819594, -17.37549773632506, 5.737602232122283, -15.1297647969045, -23.359919322364075
2493.090401798432, 3.006580516491624, 0.3382741592942784, 49.83963005808946, -10.995987424974764, -1.6981131311547548, 51.36196038333818, -16.74165412667891, -16.89911509133597, 4.84420939571719, -13.995715073745849, -18.94889243121996
2488.6931069997217, -0.6682208198964603, 1.7174626836312832, 57.108382638779375, -14.562023299579986, -0.5196775097991699, 49.06916866900637, -28.201879771776984, -27.308643130399336, 12.679253910291903, -16.00112638772919, -26.167447538408553
2524.061628216524, -2.962625534236304, 7.601773009135898, 59.307654602168775, -13.86058200129564, -3.60663920492882, 47.56905553721154, -14.129792206413821, -17.022886311810215, 17.959925070138205, -20.32654926650409, -22.04275989026941
2602.71926845693, -3.5223847704241353, 8.430543738827485, 53.903719457196196, -11.701374694792563, -2.885280676135706, 45.061737683185434, -17.54386533182256, -18.41836552892209, 14.707234826465537, -18.921831694185755, -20.237590838227863
2652.323255367847, -3.314378763232856, 7.262814117789603, 46.81263452838692, -9.475879784670148, -1.876660884958302, 44.89993005673865, -18.165740570197556, -19.25921111131101, 14.240339671226982, -20.501729033843805, -18.6342268784003
2593.1650388325074, 0.6267862472445564, 3.807349613603563, 57.181937945381016, -15.060155618686307, -3.6538980827525505, 52.494119303921, -14.643152193532904, -12.430042736692705, 3.9153596860131383, -7.298940389076773, -15.8562636428959
2620.743315043354, 0.2667588000449801, 2.5399861813709714, 55.87897741899073, -14.194274018398511, -3.6906149125901946, 51.68019753437094, -13.469182946917964, -12.468213677573344, 3.4236436006078494, -6.926980964710502, -15.090999039537904
2640.060678249856, 0.029526416969072822, 1.6641063397941143, 54.98276693866146, -13.65259777364899, -3.697493727615297, 51.11028407447148, -12.816408510471776, -12.549393076710983, 3.085576637876641, -6.596725882748619, -14.609891819072802
2659.9236512766174, -0.3489828272226669, 1.6314339942497325, 53.50615715974526, -13.014557830057417, -3.5531077682581365, 50.13715758507459, -13.206197816785847, -12.758261195908117, 3.412512660612287, -6.622554622984774, -14.220062811615662
2586.6376262461126, 0.18319668273808648, 0.47577941434335735, 58.61559878062678, -12.294127958584296, -3.1005410785630256, 53.42266683035275, -19.425416094830414, -14.493382504559897, 2.5423847908902655, -8.649689648257436, -11.935885557188344
2591.81765430884, 0.18855862685489738, -0.10777708318676138, 57.78675601667902, -11.8880193283832, -3.0326066160092715, 53.496497640828125, -18.80697629918429, -14.922916550553492, 2.168699980412114, -8.204155439136137, -11.495736656683954
1826.0705815169833, 12.365435899024902, 23.58295734807525, 57.36085478839676, -2.7837546960554285, -3.19771921999838, 47.08341161233382, -6.285784896148243, -5.208189183870571, 11.51522034240242, -3.2044344558613282, -8.223757596191781
1923.3328767763896, 11.536166381257187, 23.044918287529, 54.87003160629322, -4.294026004028475, -3.1760255978408787, 44.72885974410835, -5.56931924887601, -4.512591343087089, 9.330054072057331, -4.235758152950856, -8.093268022188237
2001.3459214476572, 10.881451740129815, 19.778108893204525, 52.89169174495087, -3.9849288995128918, -2.198394290732595, 42.70396603561001, -11.30831925873101, -8.060001833492356, 8.593122372889464, -6.2621610131868835, -8.558216630491026
2033.9876458112622, 11.809836582043637, 14.977303599522656, 52.52453656046378, -4.557256319056001, -2.212532448676324, 46.790599821362584, -8.807511568268994, -6.975734143084348, 5.790687723297172, -5.909106831437624, -8.792156758191938
2143.7708588781684, 11.050372425707812, 14.362107911477167, 46.16737228391573, -4.78600197113903, -1.581097806324479, 42.584574144510796, -10.531279342866316, -8.840110286128404, 6.79022826012687, -5.765736558953773, -7.3357236280110465
2193.5755584683184, 11.653503804577714, 15.89199274330143, 43.41444602054644, -6.35418997333222, -1.2847840066744616, 40.28619562382275, -12.266142198952195, -9.580219421654183, 4.424452647507309, -6.155372742517857, -3.9187064608554847
2278.174075065319, 12.759846150390032, 14.747047194008106, 40.632225037814244, -7.923826536553515, -2.264619531996296, 39.08702764946965, -5.198381353491606, -3.4636142774021668, 1.0151434096720306, -5.210276289501492, -2.217264553344759
2336.1331919038716, 11.894868882522877, 11.730612080108704, 24.740758788489508, -7.140148740881475, -0.8650758720203235, 38.86708959635227, 2.407997103942308, 5.179266301805139, 0.642663433329572, -4.673003240484935, -4.390356305210649
2395.293011685119, 11.66335394798362, 8.94264996065051, 23.574333614470397, -6.821381418458114, -0.8697257697862238, 37.326027841505024, 4.066656760256611, 3.6947447247423724, -1.7516071040739005, -4.155459000586781, -5.120129986773817
2439.187619694795, 9.356149328586469, 9.306471018466274, 22.386348870324177, -6.618225803445163, -1.1119763150791286, 36.7480776101133, 5.0395236868802495, 5.2371099818878655, -0.6283833713789557, -4.609023595946247, -5.123078324384835
2489.486294264, 7.905535152963958, 12.815067011400897, 20.153385610173594, -7.567146662380988, -1.9455965655990066, 35.029359153484435, 10.286293727442827, 7.751254563161666, -2.017565357432577, -3.807439356443454, -3.3355857540311966
2475.659068519873, 7.28918473339486, 12.510757621441723, 18.12578693600048, -4.9462609469325525, -4.336283575040271, 39.278924859282185, 31.141358617515827, 18.867883684645726, 0.7752826755582038, -4.010118382897443, -6.369091150326227
2436.822790944507, 6.819174090619584, 12.021757319151046, 20.738056321753145, -4.151708029756575, -3.663611644295246, 38.46591561517134, 26.06074174678568, 17.216944310877828, 1.9474261392155332, -3.9929660175529955, -6.357879342822598
2415.4765131242225, 0.8134045603006763, 17.147392096566186, 27.286932903891046, -6.027561871541188, -4.44759861172159, 45.23875862385233, 25.5741913804688, 15.402399043196867, 6.058020887370969, -5.949410807593673, -3.582311056370071
2308.865596093517, 3.0733593030523623, 11.260983455726638, 22.294566218735422, -2.5109454831047655, -4.548971197157961, 36.81123829579954, 41.070844458823316, 16.423078112350893, 6.404373348977914, -12.875113655974118, 5.696133350596246
2393.947145444245, 2.5406790911557757, 8.561492482026255, 21.257100089604748, -3.5863297738535955, -4.2835633200389935, 35.079949061126584, 39.35113497061654, 13.489842732559957, 5.784984219050922, -9.337763089752713, 5.006301710697869
2413.1099324274055, 1.7114318617152642, 5.645569030816867, 21.73732409390534, -2.066569058950071, -3.2850383030623718, 32.90936436772752, 35.64437058503992, 7.060289221958947, 7.63596589737321, -15.396398398934906, 3.342301947970069
2401.8069062423647, 1.0467280566538961, 5.227994031981121, 26.717139577072334, -1.3291492331928092, -3.7933243841499373, 33.839780795088, 34.878940371993494, 3.3242287094581164, 6.147814104570481, -14.791142815215252, 6.342838578751406
2410.0649850453688, 5.668232167616294, 6.328509156670377, 22.800364242975007, -3.8595325986909943, -1.92171241000651, 36.73407895865908, 24.33536424036916, -6.0934117601847255, 4.337140281954074, -0.11753813080808584, 6.033572040389142
2820.324808640925, 2.0754893741450857, 15.53997349575692, -37.71491168248931, -2.6291235235492847, 3.059394850548685, 30.532258949814004, 26.807528933607074, 5.164499804378298, -0.4628399151482778, 2.588289829812239, 22.334710755590116
2835.560857570152, 1.9149798964981433, 11.215547322919225, -34.064687822760234, -2.9249876479257084, 3.1196849684662125, 31.891156735930398, 22.856835276041345, 2.8094277206964278, 0.24727944395339507, 1.9731694935329682, 19.16744657671674
2844.8605576258165, 1.9928473166739615, 8.860701713168202, -30.395592657931505, -3.3452063855897656, 2.989241045743005, 32.57074401652985, 20.32903218417531, 0.5927381398215013, 2.160189173183925, 0.5040507448553462, 16.12746809855465
2879.9642970972905, 2.366909553989823, 4.8543796443001765, -28.554325528735486, -3.8362723877829925, 3.1193786481230346, 32.65849084768613, 17.193097746335543, -0.9328001481438539, 2.8384024394427843, -1.0021427020584812, 13.294743736271817
2935.9858589250816, -0.4365434120579006, -6.09235718762761, -28.61885725338285, -4.490690023125787, 5.301268577191275, 41.43643706008839, 2.51848764398785, -2.425370358295507, -0.33931394419620675, 3.177408506525421, 7.102064400351036
2939.875646598272, -0.3368988329959576, -7.86902978245714, -28.522782273237166, -2.108587977087275, 6.675309464291409, 38.94314726819431, -7.9359937898361075, -10.184018712391076, -0.3590600750070072, 2.5669363958591482, 5.49949740369957
2904.424989180526, -0.3869144800070058, -10.2647673423619, -23.80174201340231, -0.6024437479103595, 5.654348750401262, 39.57580735093837, -4.346574109568973, -7.1730515196326685, -0.3481125131032629, -0.4373481316670347, 3.394181214904076
2821.7863620727926, -1.520065113091981, -6.505415610412338, -21.800170359411467, 1.4061225628706935, 5.478069588114033, 42.33353957936137, -3.120512255580269, -9.895029825604167, 1.3975493989090653, -1.3129222907491185, 2.8299337511285256
2784.275202396514, -1.4437621383922692, -6.044316556987563, -19.537560633395003, 1.6682009608727888, 5.443728805387193, 43.57937315222888, -4.041942101673628, -10.152836910133116, 2.348590546155097, -2.766672535882824, 1.9301959432441946
2768.349162242858, -1.5679335974679742, -6.2024996487695185, -14.858023170505627, 0.21680223486283445, 5.445072444231739, 46.217522087886266, -8.512559300377529, -11.777271348615956, 0.8944783779518166, -3.56964961073464, 1.740740374785594
2776.3731618244274, -1.3679470166706709, -6.128561045623964, -14.194640218846176, -0.17696472611948144, 5.228389206013017, 45.79974773690111, -8.643054763846356, -11.956476970092357, 1.4047704578554923, -2.3106344375723586, 1.377542839044208
2799.5131611566608, -1.944668143409672, -6.07582076732366, -15.020040153383759, -0.38978985234549934, 5.102487827528079, 45.55197753549653, -7.961856581907668, -11.80237286431448, 1.2111733368909983, -3.063047124671007, 1.986352732898951
2939.6693713002787, 1.3915821540891777, -17.225784574762606, -0.7381564040949122, -12.272758899324009, 5.402573282573686, 42.793304660933714, -25.170147774482754, -43.90510210606064, 19.184900973236235, 6.999122815994234, 1.3193264197398307
2590.8995784095086, 7.827181872542867, -16.89950305662082, 4.871629028799185, -5.455500397448194, 5.409761154553513, 55.56866217338391, -14.892943851914044, -50.367005069370244, 20.644084733111228, 15.359501992325214, -3.4229981076365306
2584.985849224744, 4.421408412285556, -3.607854756716847, 18.17591437742344, -10.993941983825193, 2.4263162220091568, 54.310513047741395, -13.209323236239086, -43.91700585799047, 26.96226430462557, 14.536449360858288, -8.748257243862085
2665.905345045431, 5.204356358258459, 0.06631595403481994, 13.652237249250156, -13.214128828387665, 2.464767857121925, 53.303612382607426, -11.589861014410605, -43.62116426810948, 27.80975384548822, 13.536274861292991, -10.59126483663513
2663.053860617763, 6.649160135552783, -0.821862661831938, 12.630586106137546, -10.832206200765231, 2.082515755782085, 52.465388031500225, -9.977011443995833, -41.50006189647123, 24.773739061916952, 15.707622306122516, -9.348537840218222
2570.693405288009, 7.261771825016217, 1.503849570684633, 23.644677673381604, -11.287520545656546, 2.183385322212669, 58.93204726625028, -20.12675599983312, -48.30395792267231, 23.610197924673333, 11.02401641914841, -7.02239444811232
2475.5393780848767, 5.603331802732381, 0.4207597368091873, 38.228288001812366, -10.839995296929734, 0.9455941359595217, 64.67632007657683, -21.081682829659748, -48.18337532020133, 21.460569680130533, 7.171719129495616, -11.09681900713581
2559.307688658585, 5.405843096800998, -4.137082477093967, 28.143043549569214, -10.57731448181128, 2.0349889026809755, 61.08766781632886, -23.410747363080297, -42.5199810493346, 10.520354125435105, 12.330064511586148, -9.706471013979606
2483.8624321061466, 5.914827050663418, -0.2829025466548778, 36.501241926762745, -11.707164363742777, 1.371379078021, 65.30846393981415, -25.993605281813537, -46.03813665742202, 8.346718072701098, 10.590204185141932, -6.289780705804995
2543.8614021179615, 9.313066897996283, -3.7589253787839123, 36.44839421911384, -9.936778702059366, -1.0061231599063651, 66.44117346835326, -11.622729919848235, -37.86900216916112, -1.876242937095208, 20.043274091313926, -5.445460390798866
2504.3015721291545, 6.849870314706584, 6.131708095472128, 49.95984464647298, -13.861890189268909, -3.0944183081528633, 66.23834818941779, -9.49272545418542, -40.235705709987556, 2.3229335855992064, 19.320682559126713, -7.93834007392018
2572.574207345609, 1.0454448869098032, 5.799935187619806, 36.04057196315649, -15.461435584095364, -1.4270422396368243, 63.48584205906593, -6.595813334586364, -39.63714163706634, 1.2632039046599137, 28.30165901370433, -9.894396903684436
2441.348724990843, 4.469198752368554, -7.7776854859599185, 53.77754949462934, -14.31278211544946, -6.059001941333954, 79.3203773408019, 24.009787101307356, -23.993264364730656, 2.9673635675232535, 18.563778999348404, -12.326665687976629
2480.8206499207176, 4.11765979849339, -5.223910432494493, 54.12142950907872, -13.7897042346747, -1.6374467480460009, 76.72470964068788, -6.284506866799049, -42.6761966066542, -2.520008603466376, 18.867061988619092, -11.219242659038956
2546.5718386541103, 5.131361351573773, -7.380227134552796, 50.60551584889281, -11.612391290962218, -0.4108543064959107, 72.59248247258652, -12.287260032073359, -44.60629257485856, -4.333411962647277, 18.267158518458796, -13.958474169686498
2393.4128651409333, 0.23888304700278162, 9.684244376707479, 18.388007613482422, -5.115751024808564, 5.788079989301641, 70.22390361473998, -18.064334158214606, -41.906165367541824, 3.1297832765021862, 19.44795791433257, -22.243111815620168
2310.666415245201, -0.6324847494609843, 13.286647541018311, 23.049871185345488, -0.9218826261807997, 6.755528646345027, 75.22132231417432, -32.287876242154596, -48.389856870414754, -1.365740874584156, 15.382111943686404, -16.797206767571694
2343.834107156722, -1.6542827565761389, 12.817175199587941, 22.976026838004607, 0.8370606886005865, 5.325840889575362, 71.09433587177939, -27.7869460227652, -42.00571138501121, -2.290954099600668, 15.26890591809537, -15.46717371662279
2237.8510908938038, 2.317836900282519, 12.480048769009516, 32.928145459119264, -0.041507218871461804, 5.368975961249757, 76.67370184407936, -32.33321866586896, -47.92273134152754, -1.1072960923156703, 9.627531908308285, -17.910171011644252
2285.31987222311, 2.405794518026034, 15.063204759066743, 34.41969218673019, -3.315702783024417, 4.166762869428956, 73.05188797535469, -28.33407700479582, -43.37286703050201, 0.6493917316561679, 9.167182893750713, -20.585138266681216
2108.9005466020926, -3.485537076008862, 21.48548293545714, 46.23491110959934, -0.20633691494087358, 3.2071095922957964, 78.24775330757076, -32.647665799500125, -53.23018490445412, 4.090162192927325, 15.90501879014364, -18.47588151872918
2228.132532587776, -5.106006876368734, 20.216015222238287, 38.20749241479173, -0.7870721421812525, 2.890939217567965, 72.84319290407711, -28.367708755518628, -43.25496376127795, 1.8700870265093332, 14.00786693855096, -21.171661110157167
2296.431352529984, -4.364745517557305, 15.564830338470914, 34.68917123060085, -1.9029763440640104, 2.8401415354653543, 70.45638384122603, -25.76216371830769, -38.691771242704796, 1.8625687237611095, 11.729082593015445, -23.166131811033768
2326.8719555447965, -4.122317950935829, 13.73522435777996, 33.024392004864715, -2.402101035627592, 2.798423208186583, 69.34333694081278, -24.48427534360459, -36.63197999544344, 2.0035789856873345, 10.699600144932855, -23.986295888540177
2343.6980139304965, -4.624186878521652, 15.111015460132974, 33.20901466431183, -2.9532533459532595, 2.2260464139181013, 70.72628027549857, -23.164596054510945, -32.55759573230852, 1.746645942349844, 9.776243676339837, -23.763692605496672
2358.185404998264, -4.63716890090189, 15.099664392403332, 32.98170006371602, -3.2356074726708512, 1.9620154364667222, 69.80876424406829, -21.87521296102465, -32.039130277302135, 1.802170783193693, 10.207662748785257, -23.435127151528853
2370.130896543292, -4.604011246451122, 14.649246819675067, 32.85525742953189, -3.518094466859347, 1.7943288614184212, 68.94596310047646, -21.036408244205624, -31.318156069338883, 1.9103203442442986, 10.361599344778572, -23.48084973464536
2383.106180734808, -4.715389398828724, 14.358584967816109, 32.073329386814315, -3.409360722617564, 1.7056946152849985, 68.86425155339738, -20.19957923575014, -30.763572314494553, 2.793357357825758, 9.493586025416391, -23.01035801731729
2799.5131611566608, -1.944668143409672, -6.07582076732366, -15.020040153383759, -0.38978985234549934, 5.102487827528079, 45.55197753549653, -7.961856581907668, -11.80237286431448, 1.2111733368909983, -3.063047124671007, 1.986352732898951
2871.985724188831, 0.8359330115119559, -20.0969743223898, 10.25826616614591, -11.205584844957958, 3.958695689263796, 46.057559391428256, -25.276117982056142, -43.52004944497781, 16.787679926300434, 9.275480073808664, 2.2099898954957014
2765.787181689612, 2.2309753840032087, -15.188547642329098, 18.157372546189176, -10.815748941680337, 2.0620627512269563, 55.77540715885757, -19.75575643143844, -36.70881495627196, 12.31635978728125, 7.971526014500914, 4.9428697034010955
2762.944912269487, -0.4962678665577034, -10.808520424239388, 20.23885461256579, -8.117894143557072, 1.8116486489838297, 53.84218301672229, -23.02009624457492, -35.30718969290288, 11.561235633693109, 5.797459570368671, 3.4941385421998428
2690.6146620726613, -0.3941309416940434, -10.170310862692112, 21.399476777585186, -4.65218606758143, 0.757950830379756, 58.55242757249301, -12.131360736197799, -30.802974515036325, 11.83424954387458, 3.7116508906573853, 0.46694315659034036
2715.246369769244, -0.8655280489572084, -7.788515936654848, 22.66573261037645, -4.718912548626103, 0.9336260319371175, 56.52270726302663, -16.876566627118443, -33.14985666048588, 12.14200842669107, 1.0888768458713902, 0.050066759717277864
2687.097511722955, -2.6749500438934133, -2.9175142634980276, 23.180784876736197, -3.570652182291738, 1.7162159400419563, 59.948352357725845, -24.85169590324864, -40.132439892083866, 12.255248049824269, 2.0604595334393414, 1.0227690651593369
2629.7174823220535, 0.7276523308281275, -4.136782319262481, 20.454054003916845, -3.4160910474650446, 3.403718694452662, 62.365934492557926, -31.850075767781313, -48.60885182405478, 11.896178164366908, 3.9498999998031366, 4.12469580172853
2637.1094128869236, 2.7645100481198654, -2.330641430502345, 19.381392614263685, -3.13277995872774, 3.3799780787848777, 62.74015265370651, -31.451474021268012, -46.85435671434913, 16.09769688296715, 0.879804032802233, 0.48286616004194194
2658.732459750618, 2.0482436632714194, -0.196561282532961, 17.3209439466045, -0.5656320163292117, 3.828520655573312, 61.014773448297696, -33.94439280933029, -51.83911862103005, 14.470777390296446, -2.079563048413378, 0.6038243634448096
2630.32018127497, 3.997536382356272, 3.565778378766933, -34.280386988054374, 1.1175637132451157, 13.497091486921384, 60.244948913792925, -46.87299625038261, -59.68562896816583, 15.140046555689478, 1.628269607272605, 6.836600441415247
2600.2387920123238, -0.5018220091680519, 7.756066260345991, -31.881396092886412, 7.030966135095266, 13.978480132767414, 62.4969076623573, -57.80905484788604, -64.63741463130424, 10.873178750698246, 1.8327066978523767, 5.737572004622189
2671.3247274862274, -4.342836536090371, 6.936180212884665, -39.051561213365694, 10.919699566279904, 15.84903268337963, 61.5042016792609, -69.7478271639618, -65.46685914082313, 5.16189785364549, 1.7253135290046884, 1.7932938982964792
2674.6465857927415, -5.305791296789188, -1.147783302582889, -42.59293474050937, 13.510313449541863, 14.778957058031072, 62.050589190647386, -53.32645001976799, -60.726651118765275, 23.96735965411976, -21.788027984359616, -3.1040926315968047
2737.296002423504, -16.63381770217633, -3.7429110799010363, -55.88546836115415, 24.557689343448768, 7.197478596895433, 55.29378584502521, 5.479348984219499, -18.7683445992066, 33.31752613448413, -37.483986784791064, -7.622774918842166
2627.4151389050403, -13.75094314387171, -7.394261467988203, -64.20763263045261, 28.358730462161724, 9.800943872669597, 48.61982650283311, -0.4289454100906429, -22.085728601451724, 24.944923961308604, -37.147170501684855, -4.209624972608621
2501.1606739720655, -15.7954455401531, -0.772474676332803, -93.59919757785974, 33.66857873184692, 9.109006420622855, 50.014919935084635, 25.982671061898508, 9.232456319294581, 11.606695803366591, -26.12634993349205, 4.469131102931
2479.9967288824564, -14.980296105797068, -5.995017693359707, -93.90989245786419, 34.06036996115783, 8.997756316453533, 52.073431305682895, 26.480059503209205, 9.284488963847211, 7.389964230941014, -20.48209210174739, 3.86421673190178
2426.475443288055, -15.242020447292933, -4.347921910420418, -90.95291449408927, 34.27836832463, 9.079814500285723, 57.63476120709639, 22.99288404341984, 3.028935911206357, 7.170480022864146, -15.396884010198205, 0.36549481215904756
2283.876279044131, -18.41293632599201, 4.140682115510499, -84.13407371854159, 38.13154702244542, 7.619309598201111, 61.686177134238314, 27.562073462123937, 8.196481300963807, 15.642644371295942, -23.29421179249562, -4.608558784327213
2234.5903290402434, -19.56860075552959, 15.367903338346071, -79.24709878512948, 36.10318531510204, 8.473424740363434, 65.70284747788055, 14.63044020472913, 9.301341877351867, 12.499974455333984, -25.245422543906088, -13.253793487851828
2097.075023356256, -20.494293840119234, 13.232829865621271, -75.97307024573036, 36.96336548303879, 8.398898203269841, 58.823332026207, 18.312643670000803, 9.341045842798161, 20.2350551887367, -37.538480491583286, -11.33255567278367
1928.2667264090069, -16.957105528493944, 13.558115800306084, -73.93059696604394, 38.37047279307504, 9.15221305718032, 53.57316438993208, 14.920600040140211, 6.739628407249178, 23.24546300352216, -34.94997336016194, -12.631814136931402
1769.3838657146632, -19.3071919872737, 15.560434599841633, -83.32780718768532, 47.92155054986884, 9.143792329050047, 53.58723516560929, 27.989778267448937, 6.562589115747789, 23.87583372884625, -34.82540213352827, -11.198652034527967
1647.5476132999288, -22.914539185989344, 22.158419037504693, -81.04407135275765, 51.7193025752673, 7.116989581876667, 49.769840825518834, 38.708316820256904, 10.922044896513201, 18.708045665543732, -33.82898307893091, -5.866206479282891
1655.062598648014, -22.111161221094992, 22.538444999255006, -79.68809010887085, 50.732283718705794, 6.943353951604786, 49.04035639129505, 36.0628414866626, 10.320450711914482, 17.58688778984961, -32.9116979959339, -5.3782331308123705
1633.138974819929, -21.12532934511053, 23.30147510643498, -76.46052969992796, 50.16073225911676, 6.7544727044508095, 48.563554151827155, 33.14046981340111, 9.438652171269231, 16.418834492033557, -31.81193882219015, -4.542913744812148
1635.0424379285278, -20.8299966879036, 23.281906151128545, -75.75083358259062, 49.734362817352356, 6.689823084364166, 48.17206617432163, 31.831438696200134, 8.985295372603943, 16.050622671656424, -31.283263764985882, -4.233930186565249
1636.0393033795276, -20.55866486325862, 23.025889823117954, -75.23311382312917, 49.441644873926144, 6.656444927678631, 47.95237701100202, 30.800919183379587, 8.737729875300932, 15.591634738689757, -30.83579903277091, -4.031769509694296
1638.2330874898776, -20.221504696957055, 21.744347638396736, -75.05160182683231, 48.83751050422706, 6.5445299914688295, 47.92011127154682, 30.690614802855197, 9.967706216168144, 13.976829859173037, -29.54516847523072, -3.3459437553953135
2799.5131611566608, -1.944668143409672, -6.07582076732366, -15.020040153383759, -0.38978985234549934, 5.102487827528079, 45.55197753549653, -7.961856581907668, -11.80237286431448, 1.2111733368909983, -3.063047124671007, 1.986352732898951
2819.123748375204, -6.3502535298600105, -12.782558494485961, -7.292852848933818, -0.34712863449470116, 4.917424359698483, 51.52717394754892, -9.716311931796048, -20.60575146529882, 4.690311528963438, -6.6904730690626675, -4.885008568879172
2823.7446931293407, -6.29819815688049, -10.661822965976196, -6.7179388970924725, 0.43509391896474064, 5.377385681697625, 51.04893695097747, -13.79295452751498, -26.5558837919409, 6.703762568051382, -11.747926161739754, -5.270919246804665
2840.2410977224113, -6.982205055127192, -14.270865238837677, 0.0649634752429078, 0.983244881353248, 5.424374030317277, 50.859465066349514, -23.368679207396433, -32.490947173688326, 5.813021305023193, -16.315816745530043, -3.3824852380287576
2930.0759464993153, -7.475710209838357, -9.612411441279239, -5.235937792581098, 1.3838623977516014, 4.999786158654082, 47.85803299232243, -21.860026155742975, -26.281150310291814, 7.629445546858122, -16.679703156639718, -7.54927040318127
2915.634547791944, -6.155932093735857, -7.437770238798674, -5.982694556061574, 2.406985715038655, 5.5070306373241005, 49.263643689530404, -24.094411217071627, -29.806335014955074, 8.868834095293115, -21.544784781138258, -8.007468729955562
2916.3063867724754, -5.090974263375936, -5.7475356179133685, -3.0000089120278237, 2.961712708417279, 5.202094822036985, 49.73462697381358, -25.65311612596431, -31.692968955259055, 10.093493760085153, -23.36610562733877, -11.318307728443557
2910.6037930335715, -4.131480703581557, -3.384797837430957, -2.4614155649218983, 3.96525058934255, 5.130895295637674, 51.3901096405062, -26.45318923869011, -32.77151303224894, 10.445634416200377, -24.88664222837126, -13.441509241110161
2826.156464386087, 0.120654506825419, -7.921606712227613, -0.007493788059202089, 3.6459310804814087, 2.943790575230708, 51.309264952328874, -12.272800488023764, -20.526722380754606, 4.447955817145174, -24.404895648453053, -9.977299510528816
2890.0509629519224, -0.24841380284418302, -10.06800238045122, -11.89635912346341, 4.248187314434739, 5.538302742307144, 46.00945500731964, -22.951226349297645, -18.53689178814173, -3.78533171766298, -21.686305337007788, -7.97403472924687
3053.6351606943517, -4.535600585874046, -2.2983305806248966, -40.361736552612264, 7.425974961410926, 7.41221443110567, 54.553462416869316, -13.738248190693737, -13.356873363084443, 4.896381913265503, -24.399191578047574, -12.746350650863311
3048.005198736501, -4.735716530236788, 3.663875680414705, -37.7827217427352, 8.030215511211464, 5.878278318292642, 47.152112961823406, -9.922687389533893, -10.554796090122949, 3.1702406568484314, -17.797956030581425, -15.604065107244708
3079.370000718198, -5.131876501635187, 1.715400609589258, -24.784829575650356, 5.295428366203243, 3.213673094101617, 49.533288020742546, -6.729145452058781, -7.995782503571347, -2.5450832140924087, -17.2506642972572, -14.944125696430765
3081.6727079706793, -3.2872127242650073, 1.458785211833281, -40.72124724997096, 6.19701481147274, 5.464559220835012, 51.575911886395765, -4.578395062433524, -7.728822815188389, -0.2189230159444313, -22.61867238916366, -11.758952149223031
3100.5084142500564, -4.7822912723109425, 3.174046215948167, -48.4463988093916, 6.524498081200537, 6.8956268885655225, 47.68804037824094, -7.465031715178685, -4.95086101961026, -0.9444266862838813, -23.55601409327474, -14.247370015730638
3086.0716127466712, -4.266333646434264, 2.9108110658071134, -46.85542852832165, 6.829583344179504, 6.888696844489375, 46.92563133095181, -7.888991333409911, -6.828408083298225, -0.22573821763479163, -23.820217324903048, -15.486849298053645
3075.439468718722, -3.900817870065693, 2.772591480311922, -45.86352953252236, 7.050201708903726, 6.900291052961852, 46.432058750418484, -8.172569864726556, -8.133357839316867, 0.2866955474259578, -23.96810889364606, -16.36868013961241
3066.0441536915196, -3.580218365020854, 1.905518087399917, -42.816689655123, 6.81038469233651, 6.5028427874476815, 47.01603071348958, -7.708956312075114, -8.121513147201496, 0.35191888044090336, -24.336300767153364, -17.476931106389607
3076.7942658791485, -3.9944372443193163, 1.203168899836871, -43.693533074303204, 7.046836478795926, 6.925610791602731, 46.47422315356045, -9.112299466489374, -9.291575137674116, 1.3828658839626127, -25.545464757418088, -19.754054491277657
3098.5061664217824, -4.120409201219323, 5.233125121651318, -21.88854412094254, 5.321639505789649, 1.6455419406899825, 40.65443087306163, -1.2550577340357156, -3.5673003675540613, -0.5575663360816563, -25.63658028613234, -18.17349554676609
3083.644320166879, -3.620041738133389, 6.506829274602694, -16.464437353199763, 3.8587553281814166, 1.1676713046461837, 43.07479634076473, -2.275512636169418, -7.0002860307231245, 2.524302029924657, -29.68186724227588, -16.4965294631963
3244.672855653226, -2.8337649893998282, 13.710741992200896, 1.3044067693043608, -1.888187868834577, -0.9119398457052705, 36.58249580806826, -17.04662114943008, -19.793069361154778, 6.7567700567497075, -27.312743879170498, -16.262337453131046
2917.746487334786, -8.061022951931838, -6.609964398233794, 216.8151169367727, 14.424076364525142, -0.4061740154502895, 34.81363162472649, -245.631559007009, -222.57909067895224, -5.493888974372356, -17.56719556954635, -25.27984840693994
2894.5183569896217, -24.261531583697504, 15.034595717336051, 178.48968012671259, 23.70426382401744, 5.441287376691758, 49.0007935946269, -259.1269445462735, -232.5596315889493, -5.329598328618745, -6.994636135055675, -13.244975077862328
2944.668512245323, -25.21731850468463, 14.854772185388837, 187.44524414324124, 19.682623746127724, 4.2729992145885, 44.46179377944801, -261.69593216723047, -232.53545342651304, -1.472468962139943, -8.644497633245395, -17.22580253861976
3009.069370626828, -24.285677007924463, 24.688977766025346, 176.62705146719483, 6.447126303312221, 2.783552147365609, 28.749676932008803, -235.2302515085287, -203.36431054211803, 4.213613222647522, -20.234164528178965, -33.25310964667955
2951.067530543304, -159.07099066266204, 16.837221893320123, 158.6878560788984, 52.132792011639026, 1.1745039423919537, 22.11531839161577, -213.2550912106616, -206.78247181020814, -20.40688911191529, -0.3805666720408354, -45.33789581556924
2866.8868904237856, -142.13229030893228, 11.545188736211793, 158.22309853916653, 50.9989591432032, -1.4138683076089993, 42.09622930223864, -180.73092999185428, -197.7998025583713, -12.609385626558296, -7.192390557638213, -44.40457584552302
2469.1069310700377, -128.30217118825016, 7.297754451378214, 300.62401614913097, 50.99794865325867, -0.47202599362094655, 48.567859101687425, -326.2048621089701, -339.2340321129344, -10.852602664851549, -6.046665375572767, -39.86759892582617
2478.9211021943725, -117.65992283947918, 4.6567129408501415, 284.6729388631838, 48.732017973280335, 2.2006021708693027, 52.552659666340624, -328.0118921488003, -337.1808016680877, -6.284540163595371, -5.690137990124917, -34.75622977137869
2533.5998117618274, -112.37700641501915, -1.1358471274344408, 273.3798127091255, 50.03584252282105, 0.6136723255151826, 61.39389931485697, -301.91521662318075, -318.4815145365355, -2.426062887806053, -3.1608021287903347, -39.586428218412685
2597.8961549411674, -100.62939481520661, -2.848393814353134, 281.39980851182617, 38.65483641438807, -5.61658259207549, 55.63244861706939, -268.80553278990476, -290.4614588396687, 8.108847118287787, -2.642225682517369, -43.47335526702015
2762.7689902784173, -95.8830154000666, -3.9074753205318653, 260.7371663359123, 40.7513330890985, -9.207851516363494, 36.901485522947794, -224.60467264480252, -253.85364164821834, 17.943009221067516, -22.136357073175365, -45.782007872790274
2748.259854503185, -87.48980082358004, -5.288724513701669, 265.58830325734243, 36.28172723511446, -7.791880564924852, 40.150740692467984, -233.1438055917849, -253.68427225743415, 13.295284506797067, -26.400340689204327, -45.517118368021166
2893.2091538169257, -72.53845698292515, -6.921830421732004, 245.158582584236, 29.454458575642043, -9.154570165006666, 32.12961059466679, -205.79468535372817, -228.06315620365052, 7.425465096651465, -16.391055127082375, -45.05623892756767
2918.0548563040734, -64.85837682738068, 7.329578248389094, 227.92940585973724, 24.555634519802542, -15.005356116168926, 34.33419570077508, -148.2176335845995, -179.29650915388106, 12.745505392890541, -20.75139237707225, -49.81813929901674
