4,1,1
4.31382884271644,1.88572423751883,0.812661512126387
7.2415806977331,1.66917733994499,0.735304318165549
10.1104915967646,1.46792206262981,0.672538394577385
12.0956971178833,1.37822218086403,0.504792968112257
14.0860330122622,1.27213654029547,0.415561633028085
15.8273673628653,1.1947438837801,0.334198165575756
17.3670871447727,1.13946943832899,0.262689516475204
19.4798484184877,0.923723986986149,0.27235816264141
21.3607752574442,0.736692269247587,0.250078057527167
23.0562127309071,0.61248456610326,0.149881284234758
24.4493203933193,0.484787058682528,0.096593425374299
25.8134972052652,0.224269517370196,0.082728358828215
26.473200054909,0.201443972981269,0.079526474370818
27.0061581041547,0.196564740358891,0.107508343346921
27.4771377061471,0.210378325522866,0.129206374651794
27.9778635100189,0.223258498644328,0.149546147478876
28.6261434542741,0.117256194490588,0.229389553221989
29.7555788707886,0.083468544961741,0.101789998104539
30.4062004736919,-0.017898027317049,0.233143606329014
31.6786996934737,-0.007985074913279,0.232196232250599
32.5385285452417,0.097344573975399,0.213767981749566
33.0237939915761,0.013259513791188,0.274305785668452
33.7588596319529,-0.01225217170936,0.315113386637255
34.3267313450945,-0.030677128170313,0.279554391527137
34.7891908770841,-0.077728251157396,0.256043851826354
35.1197110096666,-0.111421075723269,0.238400720126219
35.247522937159,-0.108605322105118,0.240894732995169
35.4145868507435,-0.126600912817239,0.235509771616927
36.8203613199871,-0.21614470843721,0.225252773236072
37.4260913308161,-0.139364610914368,0.181188762949536
37.9811601504799,-0.190912560136267,0.17193403223755
38.550291972121,-0.222834832050178,0.125039964914965
38.9921737250879,-0.249646479423338,0.093401647209305
39.0202293091678,-0.206927597165506,0.154297827006954
39.1123124749789,-0.170834763480891,0.213240982562351
36.6147644947839,0.074761996171566,0.558191849678784
34.2934626166916,0.295187616785788,0.818150883478157
33.5843815540113,0.426238709088299,0.803713808179845
34.301514148581,0.394309578339432,0.756148129522378
32.8855421232545,0.093776732614554,0.685212234392621
32.9731861784096,0.060763305218234,0.763532028167798
33.1862056468896,0.052913935996055,0.640853255119003
33.6619566419456,0.011479355418824,0.573014046174784
33.9547685151073,0.040635008275592,0.50331088073829
34.423436622652,-0.030378870388982,0.441662952131725
34.5324078604654,-0.041016412692443,0.38034289748438
34.4248276736355,0.011023648166014,0.03458721332529
33.9164478772169,-0.0034298205295,0.002645106688153
34.528890373471,0.808251781477571,-1.16907578284942
34.3966096173582,0.77318782359626,-1.13240915470629
35.0625003513884,0.57612101436232,-1.01609625381082
35.5981752008804,0.388347859515861,-1.01386120902623
36.1145365481724,0.260008285814417,-0.917149635956841
36.3268835321228,0.213331476126145,-0.968649237971932
36.5553233494295,0.265607378159303,-0.87182916685656
37.0672489539591,0.08823217481479,-0.814666167844731
36.8379304665464,0.069074165218374,-0.705063687240019
37.133800069776,0.040710604110905,-0.716849883551969
37.3337013021632,0.004080945416499,-0.578937386577934
35.5066815875523,-0.389068283749851,-0.538967316873075
35.8197056150096,-0.298061801158933,-0.490714250789713
36.2016642480713,-0.33464750030235,-0.446855290148845
36.4181059641798,-0.228879496747649,-0.420972334121714
36.5113758712379,-0.138428084626907,-0.441656454926316
35.9397790491442,-0.082412973425174,-0.365094784355856
36.9648256944971,-0.216511017357095,-0.314185445658023
37.6247428421153,-0.22497368847565,-0.275191313814681
37.9874497931052,-0.248602825710958,-0.238016375981985
38.5033534872712,-0.189734156742244,-0.330572503391611
38.758918776753,-0.16595928388553,-0.296253817659864
39.2696712269047,-0.200375377817814,-0.323026623591581
40.4043506997741,-0.316055777362406,-0.453201236329817
41.4648182906747,-0.422109389863117,-0.579338022526341
41.7160753369113,-0.422576558564064,-0.541001671381841
38.8459230558382,-0.178508483130424,-0.252030036247789
40.6748662975425,-0.728464454851008,-0.01461875222632
41.1084366039557,-0.699058441770797,-0.075111900752309
41.0477309150653,-0.626254161312365,-0.079509814612328
40.8294097233337,-0.591535551541362,-0.09506122862957
40.8892924905654,-0.580622809848474,-0.094143259291631
40.8720938665159,-0.567212180678269,-0.098064317823759
35.4145868507435,-0.126600912817239,0.235509771616927
36.0654635225358,-0.078145757375898,0.217738854011473
34.9797777784541,0.199036948341714,0.361383356974107
33.6550119319024,0.43370337273464,0.456675667769539
33.309834661102,0.330590525193796,0.558838296845795
32.8866272046718,0.269636910980458,0.518102658457456
32.3104867560249,0.196895029632958,0.514959644034857
31.8570978792409,0.197122718182909,0.45967397455511
31.3665609540234,0.192077263998083,0.432740326900538
31.3371833720944,0.0277493073355,0.48739436440941
31.309340148899,-0.12342517749449,0.539358996806066
31.0799931204928,-0.145462623271981,0.476669165429884
30.2998298662119,-0.064013706768916,0.425697562813097
29.647314159479,0.015340435869174,0.375005079185055
29.2247566434767,0.030770226097018,0.369937838586895
29.3299680819461,-0.043134031842827,0.45035772827205
28.9515186165725,0.034578362141003,0.393661159799585
28.7898281705001,0.0521945109328,0.37998664008204
28.7799928718897,0.113372834481128,0.374267027323309
28.7094376478623,0.239567880184945,0.230148179976876
28.8645204324988,0.230439958734603,0.206712155364502
28.9235909980975,0.215670107511379,0.200212261564133
35.4145868507435,-0.126600912817239,0.235509771616927
36.6388369888215,-0.271839875136951,0.246272061431157
37.4926121469157,-0.233857005754915,0.185382879087808
36.9824855696577,-0.265864007798168,0.266975461313594
35.7382163054229,-0.162964230705211,0.332102322122894
34.5103111598607,-0.066895276641235,0.38459608587483
33.3034632865539,0.022585189674516,0.426098294167664
33.7162349929206,-0.004184360014012,0.388800887702203
34.2395764481631,-0.079187442360011,0.372145301372035
34.4258794365168,-0.055780665759778,0.259569959632262
34.8423010567516,-0.088420067468771,0.198128385346493
35.181018134574,-0.070527701190291,0.123843169404546
35.4880433884362,-0.049977602055667,0.055631684462644
35.4627968677745,-0.320724273978119,0.15925721406596
35.4302765825609,-0.280096599571816,0.138820036137469
35.4036510777023,-0.253881931606822,0.125714298676949
35.3775023416157,-0.253900285995408,0.125959053645622
35.3672559250171,-0.259680764921864,0.120903038807227
35.4145868507435,-0.126600912817239,0.235509771616927
36.6388369888215,-0.271839875136951,0.246272061431157
37.4926121469157,-0.233857005754915,0.185382879087808
38.1207476336721,-0.209840204644854,0.120690642808624
37.4333851698277,0.093337487583299,0.158354926185755
38.1135846487438,-0.000205842942974,0.155738476727566
38.8603384262461,-0.062459430301135,0.133312982781896
39.5346177233069,-0.112895181405643,0.102490090675877
39.761935248807,-0.072909688196865,0.087599085265058
40.3789735398775,-0.070853934722962,0.01867888340046
40.6660742569395,-0.044049196951879,0.104299374643579
41.3548832996925,-0.149058837723978,0.066216996295586
41.6373973924732,-0.112053595281243,0.017549591272805
42.1631774810512,-0.222964976650104,0.029742409628099
41.7235978824879,-0.236049664125159,0.012827991009133
42.7879321202714,-0.354865115438269,-0.003126370840278
43.3007032398901,-0.401150995012183,0.004115673044614
43.2539045150851,-0.324923682787054,-0.116042934919183
43.25307159075497, -0.3193556997730095, -0.10723917642825401
43.07699414617592, -0.3512637709040147, -0.02512166936908225
43.040934501065394, -0.30463763402475735, -0.022552363573799014
43.05521870161667, -0.3027937918589708, -0.026374977318454493
43.014130188774374, -0.2639672307379392, -0.028057626091513473
43.53863775237606, -0.6200496342454249, -0.027517604603895237
43.46428173332775, -0.6200816244578602, -0.02884519758781766
43.51562445515437, -0.6386761959592215, -0.023484994181901305
43.405571243338066, -0.597258079577919, -0.019679445821218743
43.356127868465634, -0.6020709293692497, -0.01957109470119503
43.363661978608626, -0.5761097308526758, -0.029251512400703762
43.688471735455636, -0.5632890675374533, -0.027976775937593415
43.32721726139819, -0.2328669147671364, -0.009065494240385552
43.88100843747965, -0.2626934057409319, -0.016510510364922067
43.80801061156462, -0.2252511192349379, -0.014778179728150237
43.74240168147614, -0.19111602524267607, -0.013206478547207488
43.68352794131137, -0.1599956517115076, -0.011780436656766764
43.63079355711636, -0.13162339618363328, -0.010486485975619776
43.51451102284757, -0.07976747653097141, -0.01172379156578469
43.48717224584084, -0.07407483568070447, -0.010363602669431227
43.38203805995677, -0.02537075440497652, -0.01186137099805
43.497574779566186, -0.07899046915236801, -0.0046007642300633506
44.12893737016393, -0.10948261543498579, -0.043319124854758126
44.83237837471296, -0.3001217913145983, -0.06160137117133196
44.248412083529374, -0.1013703175647849, -0.08379675266532154
44.30935597460342, -0.11062150204074579, -0.078854045022032
44.2977544752704, -0.06922418446474636, -0.07940236127542663
44.31179527349548, -0.0796187587746866, -0.07772457138668798
44.40989068863766, -0.10345821617704322, -0.07787160971466489
44.41287124367028, -0.1082559689567836, -0.07670626557984789
35.4145868507435, -0.126600912817239, 0.235509771616927
35.57372496501638, -0.13034909230068623, 0.21204966090675892
35.532429014234005, 0.017899567551140805, 0.1931230382632936
36.62577282124027, -0.10741898163302391, 0.13838071208480535
37.322241978324826, -0.11931805063717162, 0.09714335133777813
37.545108145495504, -0.26036385814825874, 0.12509398914961456
37.31849288521362, -0.21776661675986164, 0.117227135517865
37.55511074148837, -0.30479827520846675, 0.10346946821041185
37.05394372447286, -0.13413591107922396, 0.09573982185583979
37.180439118791305, -0.19763794149922842, 0.08787051077433898
37.38752939382506, -0.2484162923392937, 0.07622212729322805
37.114828426010455, -0.2183127563986733, 0.06793765855370762
37.5179914117878, -0.1540276670684259, 0.04760822053731893
37.70718620084114, -0.30014537276958775, 0.03801897963099686
37.72967484623333, -0.26393587561645354, 0.037931627702602735
37.95203807299296, -0.3112257836512504, 0.03643132400002222
37.85048152479183, -0.2997396676671009, 0.035040909637591953
37.797625402609, -0.29154999756380223, 0.0354158868118497
37.75523252132794, -0.28506717066967435, 0.035711553646375765
37.71983446914636, -0.2797103243367759, 0.035955101246968955
35.4145868507435, -0.126600912817239, 0.235509771616927
35.573376977612405, -0.13172249004638378, 0.21096648450342775
35.489009362494656, -0.07326699270015333, 0.19482232515689385
35.745880129403815, -0.13015171543264642, 0.1790838657715854
35.145608114666864, -0.08475381910695484, 0.16037613389383537
34.94217838579057, 0.01734230438999837, 0.1477584196995948
34.658265425662236, 0.14713774589115233, 0.12903437009208663
34.46852134443142, 0.2607220651481099, 0.11831829776592387
34.758175029679954, 0.19076828271453167, 0.0946826596772751
34.896298388755866, 0.19864059154023986, 0.09694675826499334
35.09867643542455, 0.1401343104310102, 0.08768662271877517
35.70096993817079, 0.157289664081625, 0.07290987882025765
37.573790657580425, -0.2594169041331327, 0.03823267857099014
37.53530021195193, -0.19563917421975613, 0.034480078245870016
37.65585340828392, -0.17144682663072683, 0.009817269832527838
37.610374488305254, -0.16229013791056884, 0.01061001465511856
37.574545275088774, -0.15513786363222437, 0.011223975125717399
37.5671042284094, -0.13143525663097516, 0.010461428464825792
35.4145868507435, -0.126600912817239, 0.235509771616927
35.57372496501638, -0.13034909230068623, 0.21204966090675892
36.03153174300358, -0.12493858970434804, 0.14613415527857582
36.19069929491553, -0.14897969567137648, 0.13007314163621028
30.809596218836102, 2.5608208480712458, 0.1142404112061772
33.1717313704893, 2.1022134053025487, 0.09376348805385161
35.21222281334045, 1.6983000314336898, 0.07603978707707962
35.97077448332381, 1.6132433690337125, 0.0681281568467133
37.17511098476214, 1.4152663049933474, 0.06512828224413138
37.94889569519432, 1.6337823874505883, 0.13235301318533238
38.88229809494106, 1.3700125038758078, 0.12308197701408616
39.96405075238121, 1.1669746653167976, 0.11112302464827858
40.821343931239454, 1.3175205092391085, 0.08483059995085106
42.08868207226631, 0.932218976924527, 0.07391224763063402
42.91861010991853, 0.8654742521739802, 0.05745057696430515
43.143834179522116, 0.7676011115908747, 0.05378896690504335
43.17005249676805, 0.8158919580971316, 0.05446080166475681
43.219813670209355, 0.859624735513973, 0.05508031792579165
43.64556215097945, 0.7920726367645248, 0.050928166410424656
43.67815711075628, 0.8395471868665103, 0.05196860418666328
43.53414869856137, 0.8778338410952905, 0.0639657011379264
43.64258363108342, 0.8608616441244484, 0.06207148259900593
35.4145868507435, -0.126600912817239, 0.235509771616927
35.57372496501638, -0.13034909230068623, 0.21204966090675892
35.532429014234005, 0.017899567551140805, 0.1931230382632936
35.01176194480711, 0.14989119705310755, 0.17901542064416714
32.64703913918261, -0.09238860042344552, 0.13883047879825608
32.81684972181187, -0.10456770680480262, 0.12290079574622664
32.57764059411009, 0.10367292420722976, 0.10827025978030594
32.93216487737698, 0.051829800867398836, 0.09709046153958317
33.209684288672676, 0.0370752331562583, 0.07369587203656434
33.32986064412403, 0.025190104177051725, 0.0631525446422018
33.29887599115179, 0.042808805005636594, 0.057113890372109365
33.57845651637162, -0.0128220482620207, 0.04598444601841225
33.64996678125562, -0.07583816593041068, 0.04078657794625166
34.86296743207176, -0.4467925666422349, 0.022985278382530918
35.13398755935093, -0.5926540157297471, 0.00929966380020193
34.936583014676785, -0.5630640858026688, 0.015065585419226578
34.95464885262762, -0.5688572939393474, 0.016463746615497477
34.95289997315548, -0.45229135224102923, 0.014846384497581789
34.974397326460654, -0.4580905313386805, 0.015508374435115964
34.91208066825698, -0.4448047178682346, 0.01604814889004395
35.4145868507435, -0.126600912817239, 0.235509771616927
35.573376977612405, -0.13172249004638378, 0.21096648450342775
35.83902323853872, -0.1702785496442424, 0.1885978284091699
36.2444551593227, -0.2315185135625722, 0.1660406288713071
36.124210612289254, -0.17906853507592624, 0.14798775353757196
36.03744580822729, -0.10461654362265017, 0.13053784925616424
36.59989733435947, -0.4381696741976828, 0.11493355709108073
36.75945840867897, -0.41258245671357274, 0.10588489876217562
36.17892171283328, -0.2866815160599844, 0.10519156613875576
36.12373134807969, -0.21020969846321264, 0.09777800182164871
36.08961720873609, -0.2115768990198786, 0.08778983803241595
36.121816096701146, -0.19812854484167697, 0.08204180335838852
36.15779307268391, -0.1865332742047535, 0.07683125251810315
35.84274706948627, -0.0940850813509404, 0.05658906241125964
36.02986232349011, -0.15077220043120443, 0.05127034381788698
36.59974096952679, -0.21475071447536903, 0.03872592166361993
36.657007851731834, -0.24737496902994988, 0.04742047379637222
36.70971638013722, -0.27806876942965053, 0.05536958929246659
37.34772551829374, -0.5529242706452695, 0.08648350143452874
39.19563947311547, -1.0873170811958315, 0.06531323763129769
39.11577276376031, -1.0358332485719028, 0.0619502540187422
39.1673181398193, -1.1142229324359891, 0.05487940355823635
39.24313996247528, -0.795301585070304, 0.07481608265478581
39.10904523454417, -0.6989264235927404, 0.06068023291084705
35.4145868507435, -0.126600912817239, 0.235509771616927
35.57372496501638, -0.13034909230068623, 0.21204966090675892
36.03153174300358, -0.12493858970434804, 0.14613415527857582
36.19069929491553, -0.14897969567137648, 0.13007314163621028
30.809596218836102, 2.5608208480712458, 0.1142404112061772
33.1717313704893, 2.1022134053025487, 0.09376348805385161
34.19639094783043, 1.952702990905727, 0.09333095580498119
35.56678861004623, 1.6646154691143666, 0.07986444444211156
36.457843254164125, 1.848165188304369, 0.14812668439822965
36.25095970459202, 1.921284391237072, 0.16125585829909295
37.17125413670103, 1.683749520823544, 0.14884855290492732
38.30637038806659, 1.4869665077897687, 0.13351143326822887
39.31651698754689, 1.3100096668429742, 0.11972300395882833
39.97341006994102, 1.267289215066804, 0.06569810689957892
40.472076818506686, 1.1781851984866287, 0.05986504400414305
40.93299755683754, 1.0979887266740405, 0.054610404900093515
41.359935776278135, 1.0258190046283737, 0.049877006455838056
41.69683846187687, 0.8900401248385501, 0.050412235556121246
41.882104385344, 0.9816099688555191, 0.05183738937303822
42.73485610171779, 0.833343936920522, 0.044123737076444
43.557915697220395, 0.7453423737074265, 0.04131545273882525
44.0585296766865, 0.6768742907519983, 0.03663684629447046
44.24414328077478, 0.602431708067922, 0.031226668947808227
44.18058153404721, 0.627554298440263, 0.030295368084763512
44.22761287099059, 0.5831773933253865, 0.030875007979801375
44.28723551908132, 0.5468280507161027, 0.03028219083517095
44.344549658304416, 0.5101718278666849, 0.031181465482799302
35.4145868507435, -0.126600912817239, 0.235509771616927
20, 4, -4
22.20887210539119, 1.8783003165011345, -3.9054340835719543
23.090871190322513, 1.470508360557666, -3.5032776348702295
23.955481287468942, 1.2518180066163633, -3.150386405964577
25.296596817835468, 0.9502866884322505, -2.8380061621250388
26.505088441493886, 0.6826490716136364, -2.5571698372733245
27.58492817823968, 0.44541365984871784, -2.3045736432197494
27.499393362178402, 0.39363599148854655, -2.0667133569256877
27.99674292709996, 0.2221676249109619, -1.862007459921611
28.040956033692193, 0.1957915558952148, -1.6835068856876876
28.409775522736183, 0.06237130366562893, -1.5165174063345772
28.698834658475356, -0.04935552617667607, -1.3659482453057228
28.911817431360475, -0.14302033631575853, -1.2296610850083551
29.09686717483296, -0.22646452238074388, -1.1068792524874238
29.256851163510145, -0.30073045370214097, -0.9962630753163833
28.979796074504783, -0.2521483825009422, -0.8893938869971989
28.70888799198569, -0.2021006810493075, -0.794279001221752
28.81552097896553, -0.3163390930456925, -0.699405684173066
28.931867985148003, -0.3718795382592892, -0.6291748646802929
29.740572623770287, -0.47527457112335514, -0.5723883727621564
30.41239764146415, -0.5627126865282591, -0.5186935546933572
31.081446645713132, -0.6446980322852176, -0.47037139773299186
31.74942054478267, -0.7219915342818988, -0.4268951774987603
32.48314794214116, -0.7621897198987089, -0.3936898711617044
33.23377819658363, -0.8012222066134116, -0.36405683291466545
34.001681615715775, -0.8392564089733516, -0.33764178221416796
33.85779453786569, -0.7782729311667882, -0.319098982141357
33.76079369186435, -0.7385645235827157, -0.30735810675549863
33.958221198558384, -0.7491166374057779, -0.30218103003407637
34.11704206970735, -0.7575105651742711, -0.29815644043910694
34.2499822651518, -0.76447480492721, -0.29487874028639965
34.09441785749336, -0.7273043261011107, -0.2619023828678157
33.95088968758264, -0.6950102773981952, -0.2324217264880918
33.81793434759289, -0.6669395047799804, -0.20606413579729133
33.69427023027308, -0.6425262641641356, -0.18249701019061554
33.584699391810176, -0.6236318378582434, -0.16142262032898044
33.48135775418159, -0.6068820668590742, -0.1425793915159792
33.23086502504013, -0.5294700563341743, -0.11759595845495799
33.622280330019, -0.5626321991799451, -0.11009354857879144
33.37445217154242, -0.4898428075311347, -0.08787000108984176
33.578336019367164, -0.15692605959008316, -0.1391778515319734
33.93357678832546, -0.1936275612946031, -0.12741968368998324
34.296710900592515, -0.23007190764438887, -0.11706566213232791
34.66774238625405, -0.266311977813023, -0.10797338355973625
35.04668590653749, -0.30239590845340253, -0.10001507024855937
35.43356584702215, -0.3383675871202902, -0.0930760722519381
35.03782052795269, -0.17257216610765133, -0.09330989361542966
35.41126937458612, -0.20920934257204468, -0.08631390188758771
35.792622064380936, -0.24575468566744368, -0.08024329741426638
36.181917035084595, -0.2822452117332869, -0.07500477769994796
35.81970855627556, -0.12735189238442088, -0.07807738673744245
35.6666014095381, -0.13163802227049748, -0.0690047715423096
35.51487798909528, -0.13521191049345585, -0.060857197840201716
35.364506245118314, -0.13817007186341543, -0.053541726899811015
35.73911431891997, -0.1741410640029714, -0.0503663757037876
36.12143269111209, -0.2101436203175439, -0.047728301931652124
36.31647860189006, -0.22817269437769652, -0.04665112047891418
36.24819882746019, -0.21841197728121348, -0.045021341097605375
36.346286481749146, -0.22742323297672623, -0.044563766721000334
36.42514920030811, -0.23463674728598477, -0.04421786143222752
36.39066416353892, -0.22959203768631536, -0.04343856137308204
34.2499822651518, -0.76447480492721, -0.29487874028639965
34.65933107468712, -0.8017632687858323, -0.27077459049261704
35.077096810890325, -0.8380236145786898, -0.24931725357454323
34.914955088967176, -0.7926633832711831, -0.2208588985371153
34.76576007447215, -0.7532634438369478, -0.1954486543455503
35.18908222905764, -0.7882811280872729, -0.18138330780416234
35.62004149735258, -0.8226564852129774, -0.16893831698429884
35.47358489546423, -0.7807757599475671, -0.14880639557533848
35.91031559645768, -0.8146362392588549, -0.13963833068955034
35.7701503822288, -0.7745363151503337, -0.12254516784636846
36.21231435643074, -0.8080720641647314, -0.1160216949766637
36.66163698448695, -0.8412613180981899, -0.11034901400174896
36.521514727457586, -0.799143207966968, -0.09620326660102838
36.97489571542554, -0.8323048297302019, -0.09249986242896295
37.43617833681147, -0.8652133054424838, -0.08937132062785662
37.90453073733852, -0.8979212778492781, -0.08674796787244417
38.37998472992756, -0.9304581558839273, -0.08457809390247098
38.86257811191505, -0.9628511214280912, -0.08281536887789692
38.7053174070592, -0.9086638900242029, -0.0711842715524055
39.191936728431955, -0.9415069449584677, -0.07068891844865281
39.68569801881355, -0.9742673569692238, -0.07043337584391021
39.528983105876144, -0.9202085928012478, -0.06003688332775793
39.384201064128064, -0.873234694271276, -0.0508428164374711
39.24980255283664, -0.8324006635770588, -0.04271031484458513
39.12444199725455, -0.7968875576909378, -0.03551528905904264
39.607081066457795, -0.8315820075976836, -0.038016380253900625
39.54503109185674, -0.8142448494883375, -0.03465834377136718
39.50493695047382, -0.8034363675822528, -0.03254910056757854
39.626768169659925, -0.8121708616249083, -0.033262059627169924
39.72465732166143, -0.8191719240607835, -0.033828883357066256
39.806506209037664, -0.8250046196905665, -0.034298872831384775
34.2499822651518, -0.76447480492721, -0.29487874028639965
34.09441785749336, -0.7273043261011107, -0.2619023828678157
34.503152443386455, -0.7641248775328795, -0.24094423969765946
34.35604719120952, -0.7277130551775669, -0.21353431789294558
34.77195317296003, -0.7633192506620703, -0.19748902760412246
34.631837295893874, -0.7277186178373705, -0.17456379868670813
35.054270256501184, -0.7624367022660322, -0.16247900422958056
34.91990366576754, -0.727651916562309, -0.14316600701315174
35.34825855503976, -0.7617428945545879, -0.13427425418778968
35.21859393137036, -0.7277451403472935, -0.11786984772120768
35.09788324675662, -0.6981794664967171, -0.10324143826503177
35.52656857217739, -0.73161595868401, -0.09820923575871397
35.40840019918936, -0.7022109482659953, -0.08559598339116643
35.29773265363672, -0.6766212515150395, -0.0743562422031926
35.727235398805206, -0.7095132735135738, -0.07211692185547446
35.61752333618196, -0.6836149822410542, -0.0622456375751106
36.05146181105411, -0.7164052314570274, -0.06127715103638968
36.49330692018276, -0.7493757790778319, -0.06060839213893847
36.943115280719525, -0.7825051245483189, -0.060210270090230736
37.40068849547662, -0.8154787360276133, -0.06005438787363819
37.86608536773147, -0.8483177047539349, -0.06011584555711644
38.339368127802835, -0.8810419650568254, -0.060372367431088765
38.82060227028849, -0.9136704053125, -0.06080403173729109
39.309662749127185, -0.9462251832922455, -0.06139063345003095
39.805790281080704, -0.9787410162866343, -0.062106257003780245
40.309055248323666, -1.011231915191992, -0.06293806100354718
40.5642305127292, -1.0274751193830134, -0.06340566139768143
40.73544443087491, -1.0383106906613953, -0.06373193404545015
40.69368536271416, -1.0231448549408297, -0.061263085432465766
40.660934664875576, -1.0114102387786594, -0.05934621195584821
40.63406584506462, -1.0018879128088918, -0.05778646303342975
34.2499822651518, -0.76447480492721, -0.29487874028639965
34.09441785749336, -0.7273043261011107, -0.2619023828678157
33.95088968758264, -0.6950102773981952, -0.2324217264880918
34.35906251447176, -0.7313870744441262, -0.2142804382807579
34.775096385770325, -0.7669435249663609, -0.1981778670411056
34.63417357793436, -0.7308533138424215, -0.1751730288323729
34.50359294719236, -0.6994830659119147, -0.15463106598976237
34.38207504931544, -0.6722015465836328, -0.13628642776127914
34.273406607402926, -0.6507646886612413, -0.11986984757827736
34.68810104477273, -0.6842132602504654, -0.1128641281617483
35.110788436622386, -0.7176324577919918, -0.10676848595545983
34.99360023500384, -0.6892717154618696, -0.09331254555076701
34.88383701715841, -0.6645893958848557, -0.08131472361957423
34.78421944895038, -0.6449464209715581, -0.07057898419766703
35.20528614592977, -0.6774250132420936, -0.06852047528867819
35.105170529356286, -0.6567368299968736, -0.059058635404590804
35.01016518919446, -0.6384534246479505, -0.05063807489944684
34.74675356648237, -0.5566930720602988, -0.03352578407333989
35.15952246559464, -0.5885914846013192, -0.034696668237037306
35.3683887863659, -0.23160540790968598, -0.09310022066596343
35.14954738294514, -0.20085645415440123, -0.08306484758750673
35.52746236776055, -0.2370974272643371, -0.0772634816040148
35.91324303866331, -0.27329051701081536, -0.07226525784812343
35.68315568459568, -0.236222986467388, -0.06415727573993356
36.07090449221715, -0.272173410498255, -0.06047908567990431
36.46651384491796, -0.30815314630734836, -0.05738918169334564
36.28125671871432, -0.22772190474957826, -0.059860617685349816
36.21162643067839, -0.2179172596066841, -0.05775210695108573
36.16059915683346, -0.21096479017594877, -0.056249054381470334
36.12045690457427, -0.2056302491916163, -0.05509119943314685
36.18534826924979, -0.21168269358954403, -0.054604428622352055
34.2499822651518, -0.76447480492721, -0.29487874028639965
34.09441785749336, -0.7273043261011107, -0.2619023828678157
34.503152443386455, -0.7641248775328795, -0.24094423969765946
34.35604719120952, -0.7277130551775669, -0.21353431789294558
34.77195317296003, -0.7633192506620703, -0.19748902760412246
34.631837295893874, -0.7277186178373705, -0.17456379868670813
34.501957037325354, -0.6967726253860169, -0.1540920713313802
34.38104698430112, -0.6698587518997697, -0.13580941654503653
34.272893353614464, -0.6487139618579888, -0.11944948148067464
34.68738298067778, -0.6821629849141022, -0.11247448422030772
35.10986242115044, -0.7155833732695306, -0.10640646737754486
34.9931272554212, -0.6875010111777577, -0.09299268372640085
35.41998732111261, -0.720589736560653, -0.08892724010547573
35.30524733885407, -0.6925093615054796, -0.07730061307213906
35.73638418619533, -0.7253917866145885, -0.07485484973129876
35.6231738285973, -0.6973404827144432, -0.06466380665081667
35.52015685231297, -0.6749063449158879, -0.05553230902250869
35.42254406359408, -0.655091757480767, -0.0474137086165994
35.329703654206675, -0.6375786457564455, -0.04019526971091693
35.06434880212652, -0.5557559239819528, -0.023900759740333857
35.480613141726714, -0.5876807763959193, -0.026047635823333762
35.904401976703454, -0.6198701684797411, -0.028175204092581146
36.11596599604866, -0.25382645631419654, -0.08829290936866763
35.88782335832556, -0.21972101727659202, -0.07862738331408697
36.27542748249638, -0.25643332563927457, -0.0734086633376537
36.67102508773106, -0.29312216496646476, -0.06893751168884678
36.87284704246291, -0.3114704315475321, -0.06703820854320837
37.00874594443613, -0.32370867365301664, -0.06587288116481864
36.912510146137095, -0.28224458106783223, -0.06688662787983378
36.86558889563409, -0.27460305710256516, -0.06537837737774964
36.93289311699557, -0.28075414304992585, -0.06478888743609607
34.2499822651518, -0.76447480492721, -0.29487874028639965
34.65933107468712, -0.8017632687858323, -0.27077459049261704
35.077096810890325, -0.8380236145786898, -0.24931725357454323
34.914955088967176, -0.7926633832711831, -0.2208588985371153
35.33954996587004, -0.8278526477074525, -0.2044239606040654
35.18643331832712, -0.7845709067793517, -0.18062065616716394
35.61726886013227, -0.8189967152474062, -0.16823446277022333
36.05566284055112, -0.8528558424972628, -0.15729619062455086
35.90554917122749, -0.8077756580128268, -0.13828744312398045
36.34937957426944, -0.841286871642324, -0.13034185525944597
36.20590042773331, -0.7984681320195802, -0.11413770991298096
36.073050118655004, -0.7612535478467944, -0.09970959039109605
35.94948037480993, -0.7288947961147278, -0.08686084151157558
36.39067881028598, -0.7624672002426958, -0.0836842589431984
36.83978305103324, -0.7958832601983447, -0.08103230944619445
37.29675097551462, -0.8290668726361353, -0.0788509161298818
37.76162731525518, -0.8620479910644221, -0.07709178821158147
37.623668881895064, -0.8194136253911125, -0.0663092188723019
38.09154635224784, -0.8526505843901732, -0.06577263349565306
38.567393343130945, -0.8857488521347627, -0.0654935867129789
38.42744786494527, -0.8415339029920192, -0.05583661096899446
38.906164322513185, -0.8750124645188014, -0.056510246995658264
38.77003823157514, -0.832965651078426, -0.047798652571062986
39.251859546424086, -0.866835357372668, -0.04924836033751633
39.741784113020536, -0.9006318519991052, -0.05075985135846401
39.60245040520247, -0.8567800630286997, -0.04256471100531234
39.84891526983233, -0.8739164475966883, -0.043636427846838334
40.01459720355957, -0.8853330051797264, -0.044350020205509835
40.13954810351724, -0.8938920594673128, -0.04488479803452011
40.11220891186718, -0.8854675846241686, -0.043368524908305846
40.08973304510118, -0.8786301735542957, -0.042134416566998276
34.2499822651518, -0.76447480492721, -0.29487874028639965
32.32503337276245, -1.2037691835893942, -0.28326573632188584
32.45144902442607, -1.1960569210312202, -0.25749696319462084
32.091844531039456, -1.081573477019384, -0.21050531572480077
32.11468583216773, -1.0785601564065994, -0.18858170667997903
31.974927482357455, -1.0502399359329473, -0.15064831832178788
31.849057096277015, -1.0272444296418892, -0.11641300670145407
31.73651002951315, -1.0091842773588653, -0.08542916696694797
31.63550182939811, -0.9952312431076158, -0.05738752714314467
31.544484244098633, -0.9846814094767795, -0.032008509509082225
31.940599257330625, -1.00218969384217, -0.0352868989491948
31.85542567305899, -0.9934660680701556, -0.011763345248100611
31.778063605111157, -0.9872001449469402, 0.009525866188945235
32.30139612725715, -1.124269239062608, 0.013192934388418679
31.863861725123584, -1.0983036269067834, 0.022526806474765744
30.55901939594886, -0.5894245256804447, -0.04162534927189091
30.387366917752118, -0.512867908246924, -0.032342930173267344
30.36538480815493, -0.5145407425126115, -0.02997914544498081
30.65273249283645, -0.4786894229244482, -0.03601369746736093
30.59954807487265, -0.45230660625346986, -0.03331373306234648
30.443237089874398, -0.37736974311240196, -0.02551646596852431
30.418979789324162, -0.3235384914025129, -0.02867379641751436
30.522442490969294, -0.29980002602523814, -0.025387893426004962
31.467863797202345, -0.5690439404713759, -0.03254149414331685
31.874016037292527, -0.5516062413679349, 0.0028411396232528377
31.283722309806286, -0.3113601288242416, 0.016135483351711607
31.54357664793146, -0.3487666360540952, 0.09912576752898353
30.39442969250519, -6.911840447280104E-4, 0.11218380568224433
30.810824711595636, -0.07188753781200008, 0.1341485128946091
30.614451201625542, -0.026842907621928508, 0.1414153022826395
30.45401576867238, 0.08701540779140612, 0.14272495611820138
29.565140429514784, 0.636544911256578, 0.28899272187448377
30.075229382193218, 0.6150916993878734, 0.25762871832737283
30.654547026550205, 0.6597261246683321, 0.2298222823016354
35.396141149081316, -1.799867925987181, 0.2471053199128102
35.299510527147945, -1.5923755273260585, 0.22444415460415001
34.16316713627888, -1.085080268913972, 0.346966831129794
34.031624166691024, -0.8181289473475797, 0.24191416552922135
34.568937405595044, -0.8440716498577046, 0.23578434882882054
35.420987272846205, -0.7897460030264701, 0.2067523471228486
36.05142101964172, -0.9024035042473717, 0.18145885758123634
36.000149681013326, -0.8906566602514346, 0.1776498086444097
34.2499822651518, -0.76447480492721, -0.29487874028639965
34.09441785749336, -0.7273043261011107, -0.2619023828678157
33.74296328501701, -0.6497977629245905, -0.20504377454579809
33.69674178723179, -0.5941695595242119, -0.1840364370946271
29.650632785915082, 0.8915770964648743, -0.16400474966961
29.98442248559515, 0.7655241414779357, -0.14705444546979307
30.274114235803, 0.6368303928757113, -0.1305844148118232
30.990687828316986, 0.5608415557294374, -0.1225817110041834
31.808548356759548, 0.4426773372809982, -0.11412940261178944
32.11367670833345, 0.3686672199543313, -0.10548319570861671
32.062494193135365, 0.451344574202283, -0.012165462807026253
32.339670334224145, 0.41705075648533324, -0.010689227206126386
32.525541502767446, 0.38963005851371885, -0.005611294636423904
32.69999509642542, 0.3655892551011476, -0.0010066259394036076
32.86446145539261, 0.3445217573621994, 0.0031693989191811673
33.29046866687087, 0.21371071169583386, -9.325919312602494E-4
33.207007399777225, 0.510815530560952, 0.00892508059305849
33.63908292630333, 0.7169637732288707, 0.0336646400973091
33.826969241659185, 0.739048612462836, 0.02390753862701663
33.941590394110136, 1.0652977491534965, 0.02715030888642058
35.03847347976699, 1.0063148862907116, 0.09826400533136678
35.96490735128509, 1.0202334132331232, 0.0102612041045346
37.04069977213935, 0.8564530206583756, 0.006516647931487282
37.715863013097774, 0.770872970858849, -0.013738455889314825
37.76961447626366, 0.7407693872974815, 0.012635606149671257
37.885392834607764, 0.7460085930326117, 0.012935875278160676
37.97285547676865, 0.7498899463840185, 0.013156869021605119
38.17312333502073, 0.717192078138362, 0.015329886916632795
38.33603102027904, 0.691449836095258, 0.017177191544493025
34.2499822651518, -0.76447480492721, -0.29487874028639965
34.09441785749336, -0.7273043261011107, -0.2619023828678157
34.03152476641044, -0.5875785939190815, -0.23271884693224404
33.643697012266244, -0.5288207345271734, -0.20944696223901962
33.825512139604825, -0.524205583073784, -0.18834457677734592
34.009012524615116, -0.5203159346132695, -0.16936421989926068
33.8624690939537, -0.435652564876972, -0.14916927395793292
33.30574571401591, -0.42223023345381777, -0.08273589475209106
33.72110738712497, -0.4754945889374446, -0.05410024760611347
36.164943098265326, -0.7853584048138251, -0.20476197329726203
37.64954372149573, -1.0326957022686718, -0.21621815740582764
35.292641722485456, 1.5755358444569725, -0.22241625819428232
36.603836893786, 1.653598743926721, -0.1916000669964769
37.30903180638381, 1.6198926844588737, -0.1685361691922053
39.06860970158209, 1.4106871379430057, -0.06495226861712695
38.76245212523359, 1.9853924521554718, -0.0663420968251933
40.08425292372077, 1.869510655057273, -0.058205720578473244
43.98695600170978, 1.2863781450768799, -0.07699037884676967
46.113431856317014, 0.947981632411317, 0.03438709249458148
48.04000030157759, 1.6295478620198907, -0.2486670331656416
49.52898786381813, 1.3760771242638938, -0.18218864767050075
51.849422303938105, 1.0107116888540701, -0.04986526120652077
52.28421865886485, 1.0139562847946093, -0.04087538508180601
52.226614641334535, 1.1608315140038135, -0.030367379589469657
52.96032669465454, 1.2312989856693137, -0.013962895520435878
52.8308624116193, 1.3359331856126722, 0.07622154033980608
52.99234366080417, 1.4332514597646013, 0.03446381412435492
53.33100860024887, 1.3985290655469422, 0.050722150164132784
53.53004541161933, 1.3465449542431842, 0.04881093813108775
34.2499822651518, -0.76447480492721, -0.29487874028639965
34.09441785749336, -0.7273043261011107, -0.2619023828678157
33.74296328501701, -0.6497977629245905, -0.20504377454579809
33.83977742065463, -0.5689129656414995, -0.1871789718514746
34.432219858091834, -0.4129137942742074, -0.21518383445229577
34.51106368647269, -0.36168274018063906, -0.14386120591694757
34.668903949669996, -0.12481994855133505, -0.08687143503291671
35.48482533109833, -0.35142243879660806, -0.06174031098138154
35.464907318483526, -0.2353236973934731, 0.0020018998445303082
34.77715809099932, 0.2756878255044405, 0.007235448397499429
35.07054734395445, 0.35419606506287765, 0.01633479516812273
35.647657862725374, 0.13033817012800536, 0.020611343305033076
36.47962566230711, -0.023142535850189355, 0.0166671057406963
37.71706796235773, -0.21305747476499617, -0.004550465908421574
36.730523955643385, 0.19406123011372325, 0.04481537542754867
37.506494343368146, 0.1254771893902172, 0.03864115794822663
38.00617589678283, 0.26419325717290837, 0.05635189582580133
38.134821279832806, 0.30626204858950995, 0.05074780231050658
38.49940003431857, 0.4134769746957182, 0.15178316824125682
39.96048266375511, 0.04333325764226659, 0.1788228453970222
39.8356399494628, 0.13276034389022767, 0.16525962013380174
40.21895663793085, 0.056422092982778366, 0.14926645867867533
40.9308966110263, 0.0411333219342017, 0.15897719259226936
42.16416855625846, -0.15870542806231902, 0.13546424685080882
42.64089579800539, -0.35814816768773994, 0.18042029886691335
42.56739093638976, -0.34274260095311027, 0.17768656702959884
41.71604311766196, 0.5020029764177458, 0.17413283568900684
41.68539972495944, 0.5238644519068641, 0.18083390202832042
34.2499822651518, -0.76447480492721, -0.29487874028639965
34.09441785749336, -0.7273043261011107, -0.2619023828678157
34.03152476641044, -0.5875785939190815, -0.23271884693224404
33.81557563125968, -0.5471571890241015, -0.20760400011782967
33.84466633445677, -0.5346863429650587, -0.1573508868925851
33.91459045542851, -0.6109184874179332, -0.1403725685232482
33.8001380279676, -0.5497391964782675, -0.12509233639711434
35.23665398532641, -0.583164958500028, -0.12594218395389706
35.13718237442186, -0.17565078185941047, -0.09739276078613392
36.271504881278375, -0.518017043854782, -0.10044529739878427
36.32968196091007, -0.5244721731184364, -0.09123489978984647
35.840324378934056, -0.3243611077145062, -0.003573879152981338
35.70614796058418, -0.2551593437063466, 0.00195423824624074
35.78213321426134, -0.25829717805160485, 2.558516273874045E-4
36.27585554135297, -0.2560712478213737, 0.03260379934814218
36.23316509430319, -0.13392101012608187, 0.0922366311049365
37.131589494768335, -0.34692580130615747, 0.1726486796535756
37.122089425436684, -0.3153883571338033, 0.15246726902689586
37.109146177450064, -0.3638614243728612, 0.15369166478179913
38.033131204379096, -0.38324279102924774, 0.08255498920994765
38.131151412702074, -0.3877131649642847, 0.06927780773991508
34.31803627143188, 1.5292360768318005, 0.062350026965923885
35.73365520621658, 1.5357779147569999, 0.03457525506395846
38.686161152837876, 0.8046216929814364, -0.03973648003287078
38.6515515384909, 0.8912159147474131, -0.046423044858642674
39.132407586374185, 0.7392406476190378, -0.06904947473311074
39.274430781746794, 0.7235535531837588, -0.053340243342460805
39.42343901807541, 0.7126631610290215, -0.04459076158359509
34.2499822651518, -0.76447480492721, -0.29487874028639965
34.09441785749336, -0.7273043261011107, -0.2619023828678157
34.03152476641044, -0.5875785939190815, -0.23271884693224404
33.643697012266244, -0.5288207345271734, -0.20944696223901962
33.825512139604825, -0.524205583073784, -0.18834457677734592
33.499347521203234, -0.3297584495780893, -0.1731068493110088
33.69888758318507, -0.34492530402053884, -0.1559720719612466
33.63242955759069, -0.19418545766562464, -0.13616080075435744
33.456478030176655, -0.04999286896753147, -0.11830375940405326
34.78117942310348, -0.24638136820143053, -0.13219167219795772
34.79729110880142, -0.3332249018140657, -0.11144918963937095
34.51386160117408, -0.19633790271879678, -0.09012856924152195
35.37833885129818, -0.39466245590607774, -0.05763921885995315
34.9933189296226, -0.0013917973031631892, 0.013663257265048613
35.134548215960834, 0.007595712457181932, 0.007611422437558087
34.46943763252386, 0.337449197416816, 0.008619642814742895
34.71364330788252, 0.8793362191586376, 0.03766306093976099
34.7380647650575, 0.7661971437662956, 0.05950663275295695
35.77547362013091, 0.5179375380967768, 0.04367062789536128
36.32974902845837, 0.5800876902327192, 0.056400866757885804
36.64904533293987, 0.6616819184719519, 0.04135196796085647
37.242821987651226, 0.7711583858098465, 0.0733927536425947
38.54772667249302, 0.4150997000658624, 0.08126707313067422
39.07734112799003, 0.36812100634360123, 0.11020793368207998
39.07824054443843, 0.4012386732359102, 0.10705615904212902
39.635672001743785, 0.33012899631098097, 0.11987713774117033
39.890777877717156, 0.36993609016745577, 0.11988002312877793
40.09111674383457, 0.3992802562419195, 0.11988004291674138
40.25559948690622, 0.38878771706371584, 0.12250090367906434
40.30357540438968, 0.41079952210766235, 0.13382476294342532
34.2499822651518, -0.76447480492721, -0.29487874028639965
34.65933107468712, -0.8017632687858323, -0.27077459049261704
33.416571511173395, -0.6521724663470039, -0.18151156326275003
32.972562913897804, -0.4602183393214349, -0.15451729646805457
32.53700550199919, -0.44079497797355577, -0.12435925531645334
32.77592519006053, -0.11654141621304531, -0.16362560913514068
32.799683693903084, -0.11524404358697031, -0.1399898075698093
32.88308345827638, -0.12926697195953052, -0.13742666960168295
33.283979432110534, -0.280940559248192, -0.11276967933582473
32.79859014914152, -0.06617243984165774, -0.07881647823201626
33.03195068460939, -0.12891530568338425, -0.08073233555373091
34.36079925119046, -0.2943574550641629, -0.031935718373613455
34.59587564402824, 0.19928429560795802, 0.008152170166958482
35.08789728854359, 0.5487116643752212, 0.019139598554236623
35.29961784162666, 0.4569262022957899, 0.016691332883931487
35.853702274874806, 0.4738971527541001, 0.059879424623300884
36.890542763534086, 0.989722382728289, -0.03162391148508292
38.76152562563033, 1.036676464265163, -0.108583130361177
40.50274245805343, 0.8567161619839214, -0.10069778307522514
41.55566191442871, 0.9037640493580464, -0.08280663700859357
43.17764761136999, 0.7110381241161924, -0.016092171474177325
43.769319357503015, 0.5855388058949842, -0.016380627786755267
41.804940238349076, 2.593167969330343, 0.008466216296358672
43.300912827776585, 2.418339941481452, 0.020202500993760204
43.57074006202223, 2.381876039148485, 0.021819000413559223
43.63079732016946, 2.452051155230723, 0.04897801860149001
44.007410725039286, 2.4074884744020753, 0.059676104758717846
34.2499822651518, -0.76447480492721, -0.29487874028639965
32.825593169090624, -0.3184540966395973, -0.2879621980745699
32.72734283851911, -0.34706173652671507, -0.2509521984903867
33.488592145545354, -0.35762472947117013, -0.262566967008311
33.41152378427979, -0.3065190816532332, -0.23829786920228493
32.9131612880207, 0.0989562587825184, -0.22555847057309952
33.395965232640776, 0.009405268437526343, -0.19263509350568478
34.15798726129662, -0.012850392334524563, -0.1771460512807086
34.23691217062501, -0.013921072894452815, -0.15786278166305534
34.02562259270944, 0.0541620843923122, -0.1409627768043631
34.04206385279612, 0.19069047778062553, -0.11636990357399807
34.28838570583155, 0.22052322962830562, -0.060170171915779724
34.59169890669231, 0.24121398710346714, -0.00848233975006591
34.73332058540902, 0.3072603153630737, 0.020690718161814663
35.17694628689422, 0.12699501923009077, 0.24815224219657236
31.857175425586615, 1.127549190421407, 0.23773147378650072
32.79897027193227, 1.3556771490202408, 0.22818128217920736
33.89578726825504, 1.6556907183881528, 0.26447212531220093
35.39948409277824, 1.5465494200385215, 0.24032487235213312
38.17396639103285, 1.4022355067771668, -0.5438990737029663
40.09172433509157, 1.1990223493803502, -0.45308039837567593
40.561915395741444, 1.2468184441201682, -0.39296828992897515
41.07726266460572, 1.1870957645131253, -0.3825271687039938
41.212230876220126, 1.1596202762758907, -0.36583500244207384
41.33237815879565, 1.1664717598565697, -0.35890670207738073
41.419949741896204, 1.1482957572522414, -0.3481543752007592
34.2499822651518, -0.76447480492721, -0.29487874028639965
34.09441785749336, -0.7273043261011107, -0.2619023828678157
33.74296328501701, -0.6497977629245905, -0.20504377454579809
33.83977742065463, -0.5689129656414995, -0.1871789718514746
35.32204231413464, -0.8762961308343071, -0.1559431792281865
34.94536798663899, -0.7855524351531128, -0.10762593562183739
35.274052731237994, -0.6933935620884508, -0.07929532679149476
35.66667657082674, -0.6459141881112691, -0.09036868687660003
35.34881495520295, -0.5898444129625493, -0.06838717619476276
35.21131245399886, -0.508918055169614, -0.07331971557463285
36.00019589342811, -0.515957055676109, -0.07194717166512068
36.12104926108712, -0.4641448906158509, -0.09658009606078449
36.421995938521626, -0.3261121856250467, -0.05762822353233857
36.35383520833007, -0.015120764816013044, -0.07736832825362697
36.452808184770674, 0.43915426559724907, -0.05002071398721614
37.65128923564768, 0.07670765375099359, -0.03166998433433618
38.2529018504284, 0.07752464050021776, -8.886387072042853E-4
38.94029453695702, 0.13537077172826575, -0.014270725153138852
38.45183239653803, 0.37457631235140665, 0.0135524993609428
41.674015246034145, -1.838530284746121, 0.25864110756038594
41.48774854911889, -1.6058444784455996, 0.2407842229266978
41.94515119812476, -1.4757520485428817, 0.2215799345900909
43.38316258095127, -1.6763453564080333, 0.12446263222099925
43.83798222948409, -1.6267812676650906, 0.13611148945021348
44.20702465041385, -1.5324364021758314, 0.11009043669688323
43.678889078814656, -1.3088920739108358, 0.18306384867113454
43.80141877659274, -1.304603594668509, 0.185320197723177
43.899894876454745, -1.301280528793404, 0.1870991460415332
34.2499822651518, -0.76447480492721, -0.29487874028639965
34.09441785749336, -0.7273043261011107, -0.2619023828678157
33.74296328501701, -0.6497977629245905, -0.20504377454579809
35.195494240612796, -0.9461226147051234, -0.1722920880640686
22.809648275135906, 6.351205291692998, -0.1650431409551511
28.50078638583647, 5.64298492949564, -0.15795439952143786
32.244018032136815, 4.95855614407822, -0.14086101633531065
36.14556179365598, 4.236202943255025, -0.13258039678506517
38.67695501323553, 3.8397472105832176, -0.1205519043041506
41.79289949401389, 3.5324939859032334, -0.1103161987253583
45.11531780852979, 2.62283271969407, -0.07444265490401307
48.28878672842427, 2.061679556720765, -0.04633252376451866
49.39879804831352, 2.130491827722845, 0.031892655565722766
51.089865609148276, 1.895153926175663, 0.011301875582547052
53.63187087913421, 1.648450637480823, 0.11007293650845747
55.338344808549216, 1.4194665176802916, 0.09234897755958288
54.86584092025771, 2.079906912490332, 0.11759160279301165
56.14095623350383, 2.1118406564227143, 0.37171378509351727
58.078546057246534, 2.2083965425302083, 0.4579133736484073
60.77255723341428, 2.094890366761725, 0.4649779284478701
62.48224568990153, 1.7194880003049993, 0.40893048636928503
63.2992928663108, 1.5896636515530174, 0.386717568814972
64.16141925379353, 1.4021350726268436, 0.4035857581755457
64.67609641257248, 1.3258060825339133, 0.404768835970748
65.04177800357753, 1.2692225835517452, 0.3938952055340388
34.2499822651518, -0.76447480492721, -0.29487874028639965
34.09441785749336, -0.7273043261011107, -0.2619023828678157
33.74296328501701, -0.6497977629245905, -0.20504377454579809
35.195494240612796, -0.9461226147051234, -0.1722920880640686
34.961393915571584, -0.9260131121572281, -0.15064260712268437
34.845089369529724, -0.902150587557824, -0.13291179798786498
34.835321843262484, -0.8279333588937738, -0.12163125746755896
34.216142672942325, -0.49484634327625443, -0.023408051029745816
34.11554453452348, -0.399247154044342, -0.020128965325556965
34.061064071368016, -0.40330029921003335, -0.017438760257594534
34.223305703220106, -0.3105589809868796, 0.12580851913343763
34.86575483346043, -0.3534996181034899, 0.15406520935636092
34.24092231018422, -0.11964357360337768, 0.13558437960341782
34.55419711025155, -0.16182618877046417, 0.12247942840012131
34.526268356089, -0.06450514017409961, 0.11873253567716625
34.62168254234817, 0.00799593587350357, 0.1004526590115621
34.351856759083255, 0.02000162313570064, 0.17922716188479793
34.3692852782529, 0.0469088463644429, 0.16082769866058205
34.48401529522142, 0.09394769744216558, 0.1409736679431466
34.481680653201806, 0.1765797307479256, 0.13155222471506883
35.10889406858364, 0.1771730459867084, 0.15652703143815883
35.965104398007746, -0.02942870491859534, 0.15814532874941442
36.49805409483658, -0.07193530912020332, 0.20425558836685967
36.76827173791227, -0.09359477914038225, 0.22594495667414363
32.46373907315618, 5.4767934804170775, 0.15672024123385814
37.108651121332876, 3.840699237797126, 0.16175066605601363
39.44080931643052, 3.460099844319622, 0.11852094134831342
42.32975593645219, 3.1154498741112437, 0.10910938985303208
44.57105274741802, 2.661717340941064, 0.07017230731840839
50.36368792448434, 1.3214569278139672, 0.031014228889030597
56.133827635619156, 1.1879192012453141, 0.3014706840181392
56.86441222691511, 1.06540548915741, 0.2934696753362602
54.56564497468886, 2.6113316969278104, 0.269624999589004
59.7613306303446, 0.18534471770945338, 1.01188888850925
66.246533117652, -3.673195409208473, 0.9657221761704988
66.42357560054944, -3.5167665020723415, 0.9013361561600779
70.15853641830697, -3.53839304933744, 1.7019122037280456
83.58922050951175, -6.371223469427493, 1.1736820542297726
86.93439990635915, -5.457698421256145, 0.3980825475100682
84.80688581392687, -4.405460733582206, 0.3291967857604745
83.84301381494777, -4.212171681349201, 0.32353623116233926
87.28612270818817, -4.543118227457056, 0.4164978259414996
92.58739412416296, -5.090726922019488, 0.08561558547071141
92.83913552284325, -4.048905582681879, 0.3345647565373743
92.27923680836821, -3.0629665615619377, 0.3368520612775433
92.12049273142392, -2.3783249866802922, 0.5891991750346847
93.26513366288049, -1.6785857143184169, 1.0245758354779844
94.91717912065245, -1.388370426788964, 0.8663959175847746
98.58729859837467, -2.511578574603652, 0.8070434116620587
98.4635740476306, -2.410315831573127, 0.7929639817732087
98.27496589069412, -2.320943848996322, 0.7837710798279535
98.33723066563968, -2.282285114617935, 0.7675694536047742
98.67277215526573, -2.2372189426230875, 0.6855272334852822
99.86392144996225, -2.1951568868309588, 0.5965791757596844
99.13078736806574, -1.5387629548962989, 0.531492058572022
88.00031267770774, 3.931138613122391, 0.4885975409135558
90.67278154023734, 3.702576248122938, 0.439904388638179
89.6712694024125, 3.091017771602629, 0.5595662983650832
90.69202061514001, 3.0381659611431866, 0.5033378584743172
92.9584359764052, 2.6650005934168517, 0.4764931726890201
92.6443565871982, 3.023551700362916, 0.5024810775039563
93.74227696046863, 3.332604617148288, 0.45014922201863516
94.6576758570299, 3.008228679552248, 0.40839195866032757
96.03611213152227, 2.5183687052542583, 0.3838634262429845
96.9022795190196, 2.3366831926598133, 0.35004207285402905
96.9902695289248, 2.5525771415681975, 0.32477737099535736
97.28909967310545, 2.480593743280424, 0.31954569703198904
97.58188956898019, 2.412507076751747, 0.31370183161116094
98.33723066563968, -2.282285114617935, 0.7675694536047742
98.67277215526573, -2.2372189426230875, 0.6855272334852822
99.86392144996225, -2.1951568868309588, 0.5965791757596844
99.13078736806574, -1.5387629548962989, 0.531492058572022
88.00031267770774, 3.931138613122391, 0.4885975409135558
90.83445954706109, 3.1803997729181237, 0.41272720991304335
93.53088560333273, 2.6972155504373614, 0.36109704012539384
96.35245685878776, 2.236389718101277, 0.3187892015928781
95.96485984103558, 2.3492284326189687, 0.2772479618979195
97.90209477203891, 2.1831754211214585, 0.24327185556785974
98.6071975324568, 2.0172384103018435, 0.2223762074116978
100.01780277465305, 1.8463621031534794, 0.19811393717186324
101.19226365776983, 1.5505696718872382, 0.18857890709423858
102.29789934690795, 2.7606955716939785, -0.38933660522053365
103.25677843542914, 2.58596453497574, -0.35222909074586595
103.55943307869279, 2.3445768832961873, -0.29350523956948976
103.30062121995454, 2.349945964215788, -0.24107931608915373
104.32707290304117, 2.1885088716806402, -0.21771462246955542
105.69684029378581, 2.3168391239058694, -0.2122734966410709
107.33480115027798, 1.907719717824034, -0.19122700971659223
133.9360758264308, -9.2768119316227, -0.486122942408543
151.90813887773217, -17.39640952861001, -0.6342895323295961
151.35518244970996, -16.901675936457327, -0.6164119663570183
150.2756568237227, -16.553251083993164, -0.5865550723062467
158.8641308348878, -20.463335119321286, -0.6580470540063482
98.33723066563968, -2.282285114617935, 0.7675694536047742
98.67277215526573, -2.2372189426230875, 0.6855272334852822
99.86392144996225, -2.1951568868309588, 0.5965791757596844
99.13078736806574, -1.5387629548962989, 0.531492058572022
88.00031267770774, 3.931138613122391, 0.4885975409135558
90.83445954706109, 3.1803997729181237, 0.41272720991304335
93.94736176279909, 2.894469026580463, 0.3578730333775517
95.89098482941559, 2.498604095039502, 0.3352294489518127
97.58974428219261, 2.088215935796854, 0.29734208422503405
99.36548829195553, 1.818906922262535, 0.27185732170912796
100.52665785681397, 1.5733399258721992, 0.2478230744879535
101.88273253537258, 1.2789146263189257, 0.2067784384339458
103.49022856071464, 1.1381234036925274, 0.12745387074363002
105.5800308357391, 0.9517662300300295, 0.0683078631151761
107.58685387049728, 0.7905493172327112, 0.014774791160030637
107.71684820531466, 0.8213930275759983, 0.017102415216978584
108.47068446499873, 0.5125039556690261, 0.016166001627790156
107.5118228773228, 0.7591808164799634, 0.029939491763027126
108.03299877649188, 0.6974779310987261, 0.028765910078854432
108.35209176471884, 0.6111330145313483, 0.028136115101001138
108.48968959385948, 0.5935022162631687, 0.026977825323793645
98.33723066563968, -2.282285114617935, 0.7675694536047742
98.67277215526573, -2.2372189426230875, 0.6855272334852822
99.86392144996225, -2.1951568868309588, 0.5965791757596844
99.13078736806574, -1.5387629548962989, 0.531492058572022
88.00031267770774, 3.931138613122391, 0.4885975409135558
90.69096866935517, 3.462786768640699, 0.44516356061173706
89.59220059054556, 2.878673581236927, 0.5620435282311668
91.13368794720357, 2.9034699051008506, 0.5080068642309672
91.72992175241433, 2.5471269501147766, 0.48013660835927974
93.8014904091882, 2.0609571586420654, 0.4319510214358731
96.6007968723152, 2.168055561040518, 0.3729552664972666
97.89366248357514, 1.6829106220246637, 0.33785856798841013
99.79778042309012, 1.123222307777273, 0.2782751471873174
100.93254564395056, 0.880063019927813, 0.23541241839389573
102.84649050153195, 0.8877763449444849, 0.20551109750514732
